1782797131 · search · ok · Terry v. Ohio · 7 results
1782797140 · search · ok · Katz v. United States · 95 results
1782797159 · search · ok · Carpenter v. United States · 268 results
1782797168 · search · ok · Riley v. California · 20 results
1782797177 · search · ok · Chimel v. California · 4 results
1782797187 · search · ok · Schneckloth v. Bustamonte · 6 results
1782797208 · search · ok · Maryland v. Pringle · 4 results
1782797225 · search · ok · Brigham City v. Stuart · 4 results
1782797287 · search · ok · Carpenter v. United States (2018 SCOTUS, court=scotus filter) · 2 results (cluster 4510032)
1782797287 · search_document · ok · Carpenter identity check opinion_id=4287285 · 149 matches 'Carpenter'
1782800010 · get_endpoint_item/clusters · ok · Abel v. United States (cluster 106021 → opinion 106021)
1782800010 · search_document · ok · Abel v. United States · abandonment holding p.241 (1 sub-op 502)
1782800010 · read_document · ok · Abel v. United States · star-pagination chunk6
1782800010 · get_endpoint_item/clusters · ok · Aguilar v. Texas (cluster 106865 → opinion 106865)
1782800010 · search_document · ok · Aguilar v. Texas · two-prong test p.114-115
1782800010 · get_endpoint_item/clusters · ok · Alabama v. White (cluster 112454 → opinion 112454)
1782800010 · search_document · ok · Alabama v. White · close-case/totality p.332
1782800010 · search_document · ok · Alabama v. White · RS-standard p.330
1782800010 · read_document · ok · Alabama v. White · star-pagination chunk1
1782800264 · get_endpoint_item/clusters · ok · Almeida-Sanchez v. United States (cluster 108845 → opinion 108845)
1782800264 · search_document · ok · Almeida-Sanchez · functional-equivalent p.272 / roving-patrol holding p.273
1782800264 · get_endpoint_item/clusters · ok · Andresen v. Maryland (cluster 109522 → opinion 109522)
1782800264 · search_document · ok · Andresen · 5A voluntarily-committed p.473
1782800264 · search_document · ok · Andresen · particularity 'other fruits' p.478-480
1782800264 · read_document · ok · Andresen · chunk4 (Warden/Hayden p.483-485)
1782800264 · read_document · ok · Andresen · chunk3 (5A holding p.477 / particularity p.480-482)
1782800705 · get_endpoint_item/clusters · ok · Arizona v. Evans (cluster 117905 → opinion 117905)
1782800705 · search_document · ok · Arizona v. Evans · court-employees holding p.14,16
1782800705 · get_endpoint_item/clusters · ok · Arizona v. Fulminante (cluster 112566 → opinion 112566)
1782800705 · search_document · ok · Arizona v. Fulminante · harmless-error/trial-error p.303,309
1782800705 · search_document · ok · Arizona v. Fulminante · coercion/credible-threat p.287
1782800705 · read_document · ok · Arizona v. Fulminante · chunk2 (coercion p.287-288)
1782800705 · get_endpoint_item/clusters · ok · Arizona v. Gant (cluster 145887 → opinion 145887)
1782800705 · search_document · ok · Arizona v. Gant · two-part holding S.Ct.1723 / U.S.351
1782800705 · get_endpoint_item/clusters · ok · Arizona v. Hicks (cluster 111834 → opinion 111834)
1782800705 · search_document · ok · Arizona v. Hicks · moving=search p.324-325
1782800705 · search_document · ok · Arizona v. Hicks · PC-required holding p.326
1782800985 · get_endpoint_item/clusters · ok · Arizona v. Roberson (cluster 112100 → opinion 112100)
1782800985 · search_document · ok · Arizona v. Roberson · Edwards-not-offense-specific p.683-684
1782800985 · get_endpoint_item/clusters · ok · Ashcraft v. Tennessee (cluster 103981 → opinion 103981)
1782800985 · search_document · ok · Ashcraft v. Tennessee · inherently-coercive p.154-155
1782800985 · get_endpoint_item/clusters · ok · Bailey v. United States (cluster 820749 → opinion 820749)
1782800985 · search_document · ok · Bailey v. United States · immediate-vicinity (slip op., syllabus + p.11)
1782800985 · search_document · ok · Bailey v. United States · 'detention incident...' 0 results
1782800985 · search_document · ok · Bailey v. United States · spatial-constraint holding slip op.13
1782801392 · get_endpoint_item/clusters · ok · Benn v. Lambert (cluster 776954 → opinion 776954)
1782801392 · search_document · ok · Benn v. Lambert · impeachment-Brady ¶58
1782801392 · search_document · ok · Benn v. Lambert · 'components of a true Brady' 0 results
1782801392 · read_document · ok · Benn v. Lambert · chunk0 (paragraph-numbered, no F.3d star pages)
1782801392 · search_document · ok · Benn v. Lambert · Brady three-element standard
1782801392 · get_endpoint_item/clusters · ok · Berghuis v. Thompkins (cluster 147529 → opinion 147529)
1782801392 · search_document · ok · Berghuis · invocation (syllabus + body)
1782801392 · search_document · ok · Berghuis · 'Here he did neither' p.382
1782801392 · search_document · ok · Berghuis · 'waives...uncoerced' 0 results (slip hyphenation)
1782801392 · search_document · ok · Berghuis · 'has not invoked his Miranda rights' 0 results (slip hyphenation)
1782801392 · search_document · ok · Berghuis · uncoerced-statement waiver holding slip op.17
1782801392 · get_endpoint_item/clusters · ok · Berkemer v. McCarty (cluster 111249 → opinion 111249)
1782801392 · search_document · ok · Berkemer · misdemeanor holding p.434
1782801392 · search_document · ok · Berkemer · 'not in custody...' 0 results
1782801392 · search_document · ok · Berkemer · traffic-stop-not-custody holding p.440
1782803373 · analyze_citations · ok · [S4 batch2 idx16-33] · 18/18 verified, all clusters confirmed (name-match warnings are eyecite off-by-one on run-on text)
1782803373 · get_endpoint_item/clusters · ok · Byrd v. United States · cluster 4497658 → opinion 4274911
1782803373 · get_endpoint_item/clusters · ok · Caniglia v. Strom · cluster 4883694 → opinion 4687473
1782803373 · search_document · ok · Board of Education v. Earls · holding p.838 / no-individualized-suspicion p.837
1782803373 · read_document · ok · Board of Education v. Earls · chunk4 (star-pagination *837-*839)
1782803373 · search_document · ok · Boyd v. United States · 'true and ultimate expression of constitutional law' p.626-627
1782803373 · search_document · ok · Brady v. Maryland · 'irrespective of...good faith or bad faith' (no marker in window)
1782803373 · read_document · ok · Brady v. Maryland · chunk4 (*88 follows holding → p.87)
1782803373 · search_document · ok · Brendlin v. California · passenger-seized holding p.251 (label *252 opens Part I)
1782803373 · search_document · ok · Brewer v. Williams · deliberate-elicitation p.399
1782803373 · search_document · ok · Brewer v. Williams · right-attaches rule statement (page resolved below)
1782803373 · read_document · ok · Brewer v. Williams · chunk9 (no marker)
1782803373 · read_document · ok · Brewer v. Williams · chunk8 (*398 → rule statement p.398)
1782803373 · search_document · ok · Brigham City v. Stuart · 'objectively reasonable basis' holding p.400
1782803373 · search_document · ok · Brigham City v. Stuart · 'An action is reasonable...state of mind' 0 results (phrasing variant)
1782803373 · search_document · ok · Brigham City v. Stuart · 'subjective motivation is irrelevant' (page resolved below)
1782803373 · read_document · ok · Brigham City v. Stuart · chunk6 (no marker)
1782803373 · search_document · ok · Brigham City v. Stuart · '*404' marker pos 11965 precedes quote, no intervening marker → p.404
1782803373 · search_document · ok · Brinegar v. United States · 'factual and practical considerations' p.175 / reasonable-caution def p.175-176
1782803373 · search_document · ok · Brown v. Illinois · '...are all relevant' 0 results (phrasing variant)
1782803373 · search_document · ok · Brown v. Illinois · attenuation factors p.603-604 (*604 mid-list)
1782803373 · search_document · ok · Brown v. Mississippi · 'rack and torture chamber' 0 results (not in CL text)
1782803373 · search_document · ok · Brown v. Mississippi · 'more revolting to the sense of justice' p.286 (label *287 follows)
1782803373 · search_document · ok · Byrd v. United States · 'will not defeat...' 0 results (slip-op formatting)
1782803373 · search_document · ok · Byrd v. United States · 'lawful possession or control of a rental car' 0 results (slip-op formatting)
1782803373 · search_document · ok · Byrd v. United States · holding 'Court now holds...general rule' slip op. (opinion) p.2
1782803373 · search_document · ok · Cady v. Dombrowski · community-caretaking definition p.441 (between *441/*442)
1782803373 · search_document · ok · Cady v. Dombrowski · 'vulnerable to intrusion by vandals' holding p.448 (precedes *449)
1782803373 · search_document · ok · California v. Acevedo · 'one rule to govern all automobile searches' p.580 (precedes *581)
1782803373 · search_document · ok · California v. Carney · two justifications p.392-393 (*393 splits)
1782803373 · search_document · ok · California v. Ciraolo · naked-eye 1,000 ft holding p.215 (between *215/*216)
1782803373 · search_document · ok · California v. Greenwood · 'readily accessible to animals...' 0 results (footnote superscripts)
1782803373 · search_document · ok · California v. Greenwood · 'exposed their garbage...' holding p.40 (after *40)
1782803373 · search_document · ok · California v. Hodari D. · 'or, where that is absent' 0 results (italics tags)
1782803373 · search_document · ok · California v. Hodari D. · 'submission to the assertion of authority' 0 results (italics tags)
1782803373 · search_document · ok · California v. Hodari D. · 'seizure occurs even though...does not yield' p.626 (between *626/*627)
1782803373 · search_document · ok · Camara v. Municipal Court · area-inspection PC p.538 (label *538/*539)
1782803373 · search_document · ok · Camara v. Municipal Court · 'traditional safeguards' warrant-requirement p.534 (label *534)
1782803373 · search_document · ok · Caniglia v. Strom · 'goes beyond anything this Court has recognized' slip op.3 / Cady-vehicle-not-home slip op.4
1782803373 · search_document · ok · Caniglia v. Strom · 'creates a standalone doctrine that justifies...' 0 results (phrasing variant)
1782803373 · search_document · ok · Caniglia v. Strom · 'standalone doctrine that justifies warrantless searches' 0 results (phrasing variant)
1782803373 · search_document · ok · Caniglia v. Strom · 'The question today is whether' 0 results (phrasing variant)
# ===== S4 batch 3 (idx 34–53) — single serial CL lane; NEW tier (~20/min), no old-5/min throttle (49 calls, 0 × 429) =====
1782889773 · analyze_citations · ok · [batch idx34-43] · 10/10 verified (Carpenter…Collins); Patel 576 U.S. 409 AMBIGUOUS → used cluster 2810524; Tahlequah auto-resolved (other 5292018)
1782889773 · analyze_citations · ok · [batch idx44-53 SCOTUS] · 9/9 verified (Bertine…Edwards); Wesby auto-resolved (other 4460853/4460811)
1782889773 · get_endpoint_item · ok · clusters · Carpenter v. United States · cluster 4510032 → lead opinion 4287285 (L3)
1782889773 · get_endpoint_item · ok · clusters · Los Angeles v. Patel · cluster 2810524 → opinion 2810524 (case_name "Los Angeles v. Patel")
1782889773 · get_endpoint_item · ok · clusters · City of Tahlequah v. Bond · cluster 5290448 → lead opinion 5118994
1782889773 · get_endpoint_item · ok · clusters · Collins v. Virginia · cluster 4501697 → lead opinion 4278950
1782889773 · get_endpoint_item · ok · clusters · District of Columbia v. Wesby · cluster 4460854 → lead opinion 4238107
1782889773 · get_endpoint_item · ok · clusters · Com. v. Herlth, J. · cluster 10870804 → lead opinion 11338267 (2026 Pa. Super. 114, 2026-06-05)
1782889773 · search_document · ok · Carpenter v. United States · 'legitimate expectation...record of his physical movements' (2 phrasing variants 0-result first); holding confirmed
1782889773 · read_document · ok · Carpenter v. United States · chunk5 — \f12 page break follows holding → slip op., at 11
1782889773 · search_document · ok · Carroll v. United States · 'quickly moved out of the locality or jurisdiction' ¶37 (CL paragraph-numbered, no U.S. star pages)
1782889773 · search_document · ok · Chambers v. Florida · 'compulsion' *239; 'shall send any accused to his death' located
1782889773 · read_document · ok · Chambers v. Florida · chunk2 — *240/*241 → 'meaningless symbol' p.240; 'havens of refuge' p.241
1782889773 · search_document · ok · Chambers v. Maroney · 'either course is reasonable under the Fourth Amendment' *52
1782889773 · search_document · ok · Chandler v. Miller · 'symbol's sake' p.322 (precedes *323); 'public safety is not genuinely in jeopardy' p.323 (§III)
1782889773 · search_document · ok · Chimel v. California · 'grab a weapon or evidentiary items' + 'within his immediate control' holding
1782889773 · read_document · ok · Chimel v. California · chunk3 — *763 → holding + room/drawers limit p.763
1782889773 · search_document · ok · City of Indianapolis v. Edmond · 'primary purpose was to detect...ordinary criminal wrongdoing' p.41 (1 phrasing variant 0-result); '...program contravenes' *42
1782889773 · search_document · ok · Los Angeles v. Patel · 'neutral decisionmaker' (precompliance-review variant 0-result first)
1782889773 · read_document · ok · Los Angeles v. Patel · chunk4 — \f10/\f11 → precompliance holding slip op. 10; 'hotel owner...neutral decisionmaker' slip op. 11
1782889773 · search_document · ok · City of Tahlequah v. Bond · 'level of generality' / 'plainly incompetent' (per curiam; 'too high a level' variant 0-result first)
1782889773 · read_document · ok · City of Tahlequah v. Bond · chunk0 — \f markers → both QI statements slip op. 3
1782889773 · search_document · ok · Collins v. Virginia · 'curtilage in order to search a vehicle' — Part IV conclusion slip op. 14 (1 phrasing variant 0-result)
1782889773 · search_document · ok · Colorado v. Bertine · 'inventory procedures administered in good faith satisfy the Fourth Amendment' holding
1782889773 · read_document · ok · Colorado v. Bertine · chunk2 — *375 + concurrence 'ante, at 374, n.6' → holding p.374, standardized-discretion p.375
1782889773 · search_document · ok · Colorado v. Connelly · 'coercive police activity is a necessary predicate' holding
1782889773 · read_document · ok · Colorado v. Connelly · chunk2 — *167 → holding p.167
1782889773 · search_document · ok · Coolidge v. New Hampshire · 'immediately apparent...evidence before them' *467 follows → plain-view passage p.466 ('plain view alone' variant 0-result first)
1782889773 · search_document · ok · Davis v. United States · 'reasonable police officer in the circumstances would understand...request for an attorney' holding
1782889773 · read_document · ok · Davis v. United States · chunk2 — *460 follows → unambiguous-invocation holding p.459
1782889773 · search_document · ok · Delaware v. Prouse · 'articulable and reasonable suspicion that a motorist is unlicensed' Part VII p.663 (cross-confirmed by Edmond's Prouse-663 cite)
1782889773 · search_document · ok · Devenpeck v. Alford · 'subjective reason for making the arrest need not be the criminal offense' p.153 (verified cite 543 U.S. 153-55; CL paragraph-id text)
1782889773 · search_document · ok · Dickerson v. United States · 'constitutional rule that Congress may not supersede legislatively' p.444 (precedes *445 Scalia dissent)
1782889773 · search_document · ok · District of Columbia v. Wesby · 'excessively technical dissection' + 'in isolation...totality' slip op. 11 (\f...11 precedes)
1782889773 · search_document · ok · Commonwealth v. Herlth · 'immediately apparent' — 3-part plain-view test slip op. 26
1782889773 · read_document · ok · Commonwealth v. Herlth · chunk8+chunk9 — slip pages → 2nd-prong holding (shoebox innocuous) slip op. 29; 'tiniest crack or perforation' + final holding slip op. 31
1782889773 · search_document · ok · Edwards v. Arizona · 'until counsel has been made available' *485 mid-quote → reinitiation-bar holding p.484-85
# === S4 batch 4 (idx 54-73) · single serial CL lane · tier NEW (no old-5/min throttle; 48 CL calls, all serial) ===
1782807378 · get_endpoint_item · ok · Fernandez v. California · clusters/2654534 -> lead opinion_id 9798884 (134 S.Ct. 1126; filed 2014-02-25)
1782807378 · search_document · ok · Ferguson v. City of Charleston · 118414 · 'immediate objective of the searches was to generate evidence for law enforcement purposes' p.83; question 'general rule that an official nonconsensual search is unconstitutional' p.70 (2 phrasing variants 0-result)
1782807378 · search_document · ok · Fernandez v. California · 9798884 · 'an occupant who is absent due to a lawful detention or arrest stands in the same shoes...' holding
1782807378 · read_document · ok · Fernandez v. California · 9798884 chunk5 -> page-label *303 -> holding 571 U.S. 303 (combined 2654534 slip lacks U.S. stars; 'stands in same shoes' variant 0-result on 2654534)
1782807378 · search_document · ok · Florida v. Bostick · 112631 · 'the appropriate inquiry is whether a reasonable person would feel free to decline...or otherwise terminate the encounter' p.436; restated rule p.439
1782807378 · search_document+read_document · ok · Florida v. Harris · 820744 · 'A sniff is up to snuff...reasonably prudent person...contraband' p.248; 'certification or training program...sufficient reason to trust his alert' p.247 (chunk2 star pages)
1782807378 · search_document+read_document · ok · Florida v. J.L. · 118352 · 'a tip be reliable in its assertion of illegality, not just in its tendency to identify a determinate person' p.272; firearm exception 'We decline to adopt this position' p.272 (chunk1)
1782807378 · search_document · ok · Florida v. Jardines · 856347 · 'physically entering and occupying the area to engage in conduct not...permitted by the homeowner' p.6; 'introducing a trained police dog...There is no customary invitation' p.9 (page-labels)
1782807378 · search_document+read_document · ok · Florida v. Jimeno · 112595 · 'objective reasonableness--what would the typical reasonable person have understood by the exchange' p.251; 'scope of a search is generally defined by its expressed object' p.251 (chunk0)
1782807378 · search_document+read_document · ok · Florida v. Wells · 112412 · 'inventory search must not be a ruse for a general rummaging' + 'should be designed to produce an inventory' p.4 (chunk0)
1782807378 · search_document+read_document · ok · Franks v. Delaware · 109925 · full 2-step holding 'substantial preliminary showing that a false statement knowingly...or with reckless disregard' + set-aside/void-warrant remedy pp.155-156 ('knowingly and intentionally' variant 0-result; chunk0)
1782807378 · search_document+read_document · ok · Frazier v. Cupp · 107913 · 'police misrepresented the statements that Rawls had made...insufficient...to make this otherwise voluntary confession inadmissible...totality of the circumstances' p.739 (chunk2)
1782807378 · get_endpoint_item · ok · French v. Merrill · clusters/5273192 -> lead opinion_id 5100775 (15 F.4th 116, 1st Cir.; filed 2021-10-01)
1782807378 · search_document+read_document · ok · French v. Merrill · 5100775 · implied-license area+purpose limitation + 'physically intrud[ed] on a suspect's property repeatedly...no reasonable visitor could have understood as impliedly authorized' slip op. 39 (slip-paginated; chunk10 -38-/-39-/-40-  markers)
1782807378 · search_document · ok · Georgia v. Randolph · 145669 · 'a warrantless search of a shared dwelling...over the express refusal of consent by a physically present resident cannot be justified as reasonable as to him' p.120 (dissent 'Ante, at 120' cross-confirms)
1782807378 · search_document · ok · Giglio v. United States · 108471 · 'reliability of a given witness may well be determinative...nondisclosure of evidence affecting credibility falls within this general rule' p.154
1782807378 · search_document · ok · Gilbert v. California · 107487 · 'Only a per se exclusionary rule as to such testimony can be an effective sanction...counsel at the critical lineup' p.273 (3 phrasing variants 0-result; located via 'lineup' 39-match)
1782807378 · search_document+read_document · ok · Graham v. Connor · 112257 · 'all claims...excessive force...arrest, investigatory stop, or other seizure...Fourth Amendment...reasonableness...rather than...substantive due process' p.395; 'reasonable officer on the scene...20/20 vision of hindsight' + 3 factors p.396 (chunk2)
1782807378 · search_document · ok · Griffin v. Wisconsin · 111959 · 'operation of a probation system...presents special needs beyond normal law enforcement...departures' pp.873-74; 'special needs...make the warrant requirement impracticable...replacement of...probable cause by reasonable grounds' p.876
1782807378 · search_document+read_document · ok · Groh v. Ramirez · 131161 · 'requires particularity in the warrant, not in the supporting documents' p.557; 'so obviously deficient that we must regard the search as warrantless' p.558 (chunk1)
1782807378 · search_document+read_document · ok · Hampton v. United States · 109437 · plurality 'remedy...lies solely in the defense of entrapment' + 'If the police engage in illegal activity in concert with a defendant...prosecuting the police' p.490 (chunk1; Powell/Blackmun concur in judgment)
1782807378 · search_document · ok · Harlow v. Fitzgerald · 110763 · 'government officials performing discretionary functions...shielded...insofar as their conduct does not violate clearly established statutory or constitutional rights of which a reasonable person would have known' p.818
1782807378 · get_endpoint_item · ok · Heien v. North Carolina · clusters/2760668 -> lead opinion_id 9805193 (135 S.Ct. 530; filed 2014-12-15)
1782807378 · search_document+read_document · ok · Heien v. North Carolina · 9805193 · 'whether reasonable suspicion can rest on a mistaken understanding of the scope of a legal prohibition. We hold that it can.' + 'To be reasonable is not to be perfect...fair leeway' 574 U.S. 60 (page-label *536 S.Ct.; chunk1)
# === S4 batch 5 (idx 74-93) · single serial CL lane · tier NEW (no old-5/min throttle; 51 CL calls, all serial, never concurrent) ===
1782809411 · search_document+read_document · ok · Herring v. United States · 145922 · 'To trigger the exclusionary rule, police conduct must be sufficiently deliberate...sufficiently culpable' + 'deter deliberate, reckless, or grossly negligent...recurring or systemic negligence' 555 U.S. 144 (chunk4; CL stars S.Ct., *703 cross-confirms US 144 via 135=695)
1782809411 · search_document(0)+read_document · ok · Hester v. United States · 100413 · full opinion (3305 chars); abandonment 'no seizure...after it had been abandoned' p.58; open-fields 'not extended to the open fields...as old as the common law' p.59 (US Reports stars 58/59)
1782809411 · search_document x2 + read_document x2 · ok · Hiibel v. Sixth Judicial Dist. Court · 136990 · 'serves important government interests' p.186; 'principles of Terry permit a State to require...disclose his name' p.187; 'consistent with Fourth Amendment prohibitions' p.188 (chunk2/3; 'permit a State to require' phrase 0-result)
1782809411 · search_document · ok · Hoffa v. United States · 107318 · Part III.B 6A: 'There is no constitutional right to be arrested' + 'act too soon...Fourth Amendment...wait too long...Sixth Amendment' p.310 (18-match 'Sixth Amendment' single call; Partin/Test Fleet identity)
1782809411 · search_document · ok · Hope v. Pelzer · 121169 · 'officials can still be on notice...even in novel factual circumstances' + 'salient question...fair warning...treatment of Hope was unconstitutional' p.741 (dissent 'Ante, at 741' cross-confirms)
1782809411 · search_document x3 · ok · Horton v. California · 112448 · 'inadvertence...not a necessary condition' p.130; 'essential predicate...did not violate the Fourth Amendment in arriving' + 'incriminating character...immediately apparent' p.136; 'lawful right of access to the object itself' p.137
1782809411 · search_document x4 + read_document · ok · Howes v. Fields · 623144 · SLIP opinion (565 U.S. ___); 'Not all restraints on freedom of movement amount to custody' slip op. 9; 'imprisonment alone is not enough to create a custodial situation' slip op. 10 (Alito; 'imprisonment alone'/'constitute Miranda custody' 0-result = line-break hyphenation)
1782809411 · search_document · ok · Hudson v. Michigan · 145646 · 'knock-and-announce rule has never protected...preventing the government from seeing or taking evidence' + 'interests that were violated...nothing to do with the seizure...exclusionary rule is inapplicable' p.594 (*595 follows)
1782809411 · search_document x2 · ok · Illinois v. Gates · 110959 · 'wiser to abandon the two-pronged test...Aguilar and Spinelli...reaffirm the totality-of-the-circumstances' p.238; 'practical, common-sense decision...fair probability that contraband or evidence' p.238 (*238/*239)
1782809411 · search_document · ok · Illinois v. Krull · 111835 · 'objectively reasonable reliance on a statute...as little deterrent effect...reliance on a warrant' p.349; 'Unless a statute is clearly unconstitutional, an officer cannot be expected to question the judgment of the legislature' pp.349-350 (*350)
1782809411 · search_document x2 + read_document · ok · Illinois v. Lafayette · 110976 · holding 'not unreasonable...routine procedure incident to incarcerating...search any container...established inventory procedures' p.648 (*649 follows; chunk3; Opperman identity)
1782809411 · search_document x2 + read_document x2 · ok · Illinois v. Lidster · 131154 · Edmond-distinguishing 'ask vehicle occupants...for their help in providing information about a crime...committed by others' p.423; 'judge its reasonableness...individual circumstances' p.426; 'We hold that the stop was constitutional' + 'relevant public concern was grave' p.427 (*424/*426/*427/*428)
1782809411 · search_document x2 + read_document · ok · Illinois v. McArthur · 118405 · 'restriction...reasonable, and hence lawful...circumstances, which we consider in combination' p.331; 'no case...temporary seizure...supported by probable cause...prevent the loss of evidence while the police diligently obtained a warrant' p.334 (*332/*334/*335)
1782809411 · search_document x4 · ok · Illinois v. Perkins · 112452 · 'Conversations between suspects and undercover agents do not implicate the concerns underlying Miranda...police-dominated atmosphere...fellow inmate' p.296; 'undercover law enforcement officer posing as a fellow inmate need not give Miranda warnings' p.300 (Kennedy; agent Parisi/Vito Bianco; apostrophe/hyphen 0-results, located via 'undercover' 31-match)
1782809411 · search_document x2 · ok · Illinois v. Rodriguez · 112475 · apparent authority 'judged against an objective standard: would the facts available to the officer...warrant a man of reasonable caution in the belief...authority over the premises' p.188; 'warrantless entry...unlawful unless authority actually exists. But if so, the search is valid' pp.188-189 (Scalia; Gail Fischer/Matlock)
1782809411 · search_document x3 · ok · Illinois v. Wardlow · 118326 · 'nervous, evasive behavior is a pertinent factor' + 'Headlong flight...consummate act of evasion' p.124; 'presence in an area of expected criminal activity, standing alone, is not enough...officers are not required to ignore...characteristics of a location' p.124 (*124/*125; Officer Nolan)
1782809411 · search_document x2 · ok · Immigration & Naturalization Service v. Lopez-Mendoza · 111265 · 'body or identity...never itself suppressible as a fruit of an unlawful arrest' p.1039; 'Janis balance between costs and benefits comes out against applying the exclusionary rule in civil deportation hearings' p.1050 (*1040/*1050)
1782809411 · search_document x6 · ok · J.D.B. v. North Carolina · 218925 · SLIP opinion (564 U.S. ___); 'children will often feel bound to submit...we hold that a child's age properly informs the Miranda custody analysis' slip op. 1; 'age was known to the officer...objectively apparent to any reasonable officer...neither to consider circumstances unknowable' slip op. 11 (Sotomayor; dissent 'Ante, at 11' cross-confirms; multi-word phrases 0-result = slip line-breaks)
1782809411 · search_document · ok · Jacobson v. United States · 112720 · 'Government agents may not originate a criminal design, implant...disposition...then induce commission' p.548; 'prosecution must prove beyond reasonable doubt that the defendant was disposed...prior to first being approached by Government agents' pp.548-549 (*549/*550)
1782809411 · search_document · ok · Johnson v. United States · 104504 · 'inferences be drawn by a neutral and detached magistrate...officer engaged in the often competitive enterprise of ferreting out crime' pp.13-14; 'reduce the Amendment to a nullity...discretion of police officers' p.14 (US Reports stars 14)
# === S4 batch 6 (idx 94-113) · single serial CL lane · tier NEW (no old-5/min throttle; 36 CL calls, all serial, never concurrent) ===
1782811273 · analyze_citations · ok · ALL 20 cites (idx 94-113) · - · 20/20 verified, 0 hallucination warnings; names match reporters; cluster ids captured (Lange auto-resolved 4894054, other cluster 4894407)
1782811273 · search_document · ok · Mapp v. Ohio · 106285 · 'all evidence obtained by searches and seizures in violation of the Constitution is...inadmissible in a state court' p.655 (*655)
1782811273 · search_document+read_document · ok · Jones v. United States · 106022 · OVERRULED; automatic standing 'person aggrieved by an unlawful search and seizure' p.264; 'anyone legitimately on premises...may challenge its legality' p.267 (US stars *265/*267; by Rakas + Salvucci)
1782811273 · search_document · ok · Katz v. United States · 107564 · 'the Fourth Amendment protects people, not places' p.351; Harlan concurrence twofold REP test p.361 (*351/*352/*361)
1782811273 · search_document x5 + get_endpoint_item · ok · Kentucky v. King · 216733 · SLIP (563 U.S. ___); body 'police did not create the exigency by engaging or threatening to engage in conduct violating the Fourth Amendment' slip op. 8 (3 multi-word phrases 0-result; cluster sub_opinions 9441559/9441560/216733)
1782811273 · search_document · ok · Kirby v. Illinois · 108554 · plurality; 'at or after the initiation of adversary judicial criminal proceedings—whether by way of formal charge, preliminary hearing, indictment, information, or arraignment' p.689 (*689)
1782811273 · search_document+read_document · ok · Kuhlmann v. Wilson · 111726 · 'not violated whenever—by luck or happenstance' + 'took some action, beyond merely listening...designed deliberately to elicit incriminating remarks' p.459 (*459/*460 cross-confirm; listening-post)
1782811273 · search_document x2 · ok · Kyles v. Whitley · 117923 · 'turns on the cumulative effect of all such evidence suppressed...prosecutor remains responsible...regardless of any failure by the police' p.421; 'verdict worthy of confidence' p.434 (*422/*435)
1782811273 · search_document x3 + get_endpoint_item · ok · Lange v. California · 4698186 · SLIP (594 U.S. ___); Kagan 'pursuit of a fleeing misdemeanor suspect always—or...categorically—qualifies...We hold it does not' slip op. 1 (cluster 4894407 stub -> lead opinion 4698186; 4894054 also stub)
1782811273 · search_document x2 · ok · Lo-Ji Sales, Inc. v. New York · 110100 · 'did not manifest that neutrality and detachment' p.326; 'became a member, if not the leader, of the search party...adjunct law enforcement officer' p.327 (*327; concords w/ Exclusionary Rule doctrine page 326-27)
1782811273 · search_document x2 · ok · Maine v. Moulton · 111546 · 'not violated whenever—by luck or happenstance' + 'knowing exploitation...knowingly circumventing the accused's right to have counsel present' p.176 (*177 follows)
1782811273 · search_document · ok · Manson v. Brathwaite · 109693 · 'reliability is the linchpin in determining the admissibility of identification testimony' + 5 Biggers factors p.114 (*114)
1782811273 · search_document · ok · Marbury v. Madison · 84759 · 'It is emphatically the province and duty of the judicial department to say what the law is' + 'an act of the legislature, repugnant to the constitution, is void' p.177 (*178 follows; CL OCR 'use'->'rule' avoided)
1782811273 · search_document · ok · Maryland v. Buie · 112384 · 'without probable cause or reasonable suspicion, look in closets and other spaces immediately adjoining the place of arrest' + RS test 'harbors an individual posing a danger' p.334; 'cursory inspection' p.335 (*334/*335; dissent cross-confirms 334)
1782811273 · search_document x2 · ok · Maryland v. Garrison · 111823 · 'validity of the warrant must be assessed on the basis of the information that the officers disclosed, or had a duty to discover and to disclose' p.85; 'objectively understandable and reasonable' p.88 (*86/*88/*89)
1782811273 · search_document · ok · Maryland v. King · 873669 · 'taking and analyzing a cheek swab of the arrestee's DNA is, like fingerprinting...a legitimate police booking procedure that is reasonable' pp.465-466 (page-label *466)
1782811273 · search_document x2 · ok · Maryland v. Pringle · 131150 · 'any or all three of the occupants had knowledge of, and exercised dominion and control over, the cocaine...probable cause...either solely or jointly' p.372 (*372; CL OCR stray comma corrected)
1782811273 · search_document · ok · Maryland v. Shatzer · 1734 · SLIP (559 U.S. ___); 'that period is 14 days. That provides plenty of time...shake off any residual coercive effects of his prior custody' slip op. 11 (dissent 'ante, at 11' cross-confirms; prison-pop = break in custody)
1782811273 · search_document · ok · Maryland v. Wilson · 118086 · 'an officer making a traffic stop may order passengers to get out of the car pending completion of the stop' p.415 (*415; extends Mimms)
1782811273 · search_document · ok · Massachusetts v. Sheppard · 111263 · 'refuse to rule that an officer is required to disbelieve a judge who has just advised him, by word and by action, that the warrant he possesses authorizes him to conduct the search' pp.989-990 (*990; Leon companion)
1782811273 · search_document · ok · Massiah v. United States · 106822 · 'denied the basic protections...his own incriminating words, which federal agents had deliberately elicited from him after he had been indicted and in the absence of his counsel' p.206 (*206)
# === S4 batch 7 (idx 114-133) · single serial CL lane · tier NEW (no old-5/min throttle; 29 CL calls, all serial, never concurrent) ===
1782813114 · analyze_citations · ok · ALL 20 cites (idx 114-133) · - · 20/20 verified; 17 'name differs' warnings spurious (line-adjacent eyecite name bleed; verified names all match targets); idx 119 Michigan v. Jackson 475 U.S. 625 -> cluster 111622 (L6 rung 1); Mitchell auto-resolved cluster 9231242 (other 4633470)
1782813114 · get_endpoint_item(clusters/9231242) · ok · Mitchell v. Wisconsin · 9226047 · sub_opinions 9226047 (lead/Alito plurality) + 9226048; L3 cluster->lead opinion
1782813114 · search_document+read_document · ok · Mathews v. United States · 112012 · 'even if the defendant denies one or more elements...entitled to an entrapment instruction whenever there is sufficient evidence from which a reasonable jury could find entrapment' p.62 (*62)
1782813114 · search_document x2 + read_document · ok · McNeil v. Wisconsin · 112622 · 'The Sixth Amendment right, however, is offense specific. It cannot be invoked once for all future prosecutions' p.175 (*175/*176; cross-confirms idx 119 Jackson holding + /opinion/111622/)
1782813114 · search_document · ok · Michigan Dept. of State Police v. Sitz · 112459 · 'balance...weighs in favor of the state program. We therefore hold that it is consistent with the Fourth Amendment' p.455 (dissent 'ante, at 455'; *456 follows)
1782813114 · search_document · ok · Michigan v. DeFillippo · 110127 · 'subsequently determined invalidity of the Detroit ordinance on vagueness grounds does not undermine the validity of the arrest' p.40 (*40)
1782813114 · search_document+read_document · ok · Michigan v. Fisher · 1755 · SLIP per curiam (558 U.S. ___); 'Officers do not need ironclad proof of a likely serious, life-threatening injury to invoke the emergency aid exception' 558 U.S. 48 (slip op. 4; slip pg1->U.S.45 mapping; PINPOINT CAVEAT)
1782813114 · search_document+read_document · ok · Michigan v. Jackson · 111622 · OVERRULED by Montejo; 'if police initiate interrogation after a defendant's assertion, at an arraignment...any waiver...for that police-initiated interrogation is invalid' p.636 (*636); L6 ladder complete cite->name->proposition
1782813114 · search_document · ok · Michigan v. Long · 111020 · 'search of the passenger compartment...is permissible if the police officer possesses a reasonable belief...the suspect is dangerous and the suspect may gain immediate control of weapons' p.1049 (dissent 'ante, at 1049'; *1050 follows)
1782813114 · search_document · ok · Michigan v. Mosley · 109336 · 'admissibility of statements obtained after the person in custody has decided to remain silent depends...on whether his right to cut off questioning was scrupulously honored' p.104 (*104/*105; dissent 'ante, at 103, 104')
1782813114 · search_document · ok · Michigan v. Summers · 110534 · 'a warrant to search for contraband founded on probable cause implicitly carries with it the limited authority to detain the occupants of the premises while a proper search is conducted' p.705 (dissent 'ante, at 705'; *706)
1782813114 · search_document · ok · Mincey v. Arizona · 109905 · 'Fourth Amendment does not bar...warrantless entries and searches when they reasonably believe that a person within is in need of immediate aid' p.392; 'may seize any evidence that is in plain view during the course of their legitimate emergency activities' p.393 (*392/*393; no murder-scene exception restated)
1782813114 · search_document · ok · Minnesota v. Carter · 118249 · 'an overnight guest in a home may claim the protection of the Fourth Amendment, but one who is merely present with the consent of the householder may not' p.90 (*90/*91)
1782813114 · search_document · ok · Minnesota v. Dickerson · 112873 · plain-feel; 'feels an object whose contour or mass makes its identity immediately apparent...its warrantless seizure would be justified' pp.375-376 (*376 mid-sentence; manipulation-exceeds-frisk application restated)
1782813114 · search_document · ok · Minnesota v. Olson · 112416 · 'society recognizes that a houseguest has a legitimate expectation of privacy in his host's home' p.98 (*99 follows)
1782813114 · search_document · ok · Minnick v. Mississippi · 112513 · 'when counsel is requested, interrogation must cease, and officials may not reinitiate interrogation without counsel present, whether or not the accused has consulted with his attorney' p.153 (*154 follows)
1782813114 · search_document · ok · Miranda v. Arizona · 107252 · 'the prosecution may not use statements...stemming from custodial interrogation...unless it demonstrates...procedural safeguards effective to secure the privilege' p.444; custodial-interrogation definition p.444 (*444/*445)
1782813114 · search_document+read_document · ok · Missouri v. McNeely · 858288 · CAP-format (no star pagination); 'natural dissipation of alcohol in the bloodstream does not constitute an exigency in every case sufficient to justify conducting a blood test without a warrant' 569 U.S. 156 (Part IV conclusion; page per official cite + worklist; PINPOINT CAVEAT)
1782813114 · search_document · ok · Missouri v. Seibert · 137002 · plurality; 'this midstream recitation of warnings after interrogation and unwarned confession could not effectively comply with Miranda's...requirement...a statement repeated after a warning in such circumstances is inadmissible' p.604 (*604; Kennedy concurrence controlling, restated)
1782813114 · search_document+read_document · ok · Mitchell v. Wisconsin · 9226047 · CAP-format S.Ct. page-labels; plurality 'they may almost always order a warrantless blood test to measure the driver's BAC without offending the Fourth Amendment' 139 S. Ct. 2539 (page-label *2539; U.S. Reports page not in CL text; PINPOINT uses S.Ct. reporter)
1782813114 · search_document · ok · Monell v. Department of Social Services · 109881 · 'touchstone...is an allegation that official policy is responsible for a deprivation' + 'custom' p.690; 'a municipality cannot be held liable...on a respondeat superior theory' p.691 (*691/*692; fn[7]/fn[66] confirm Monroe overruled in part)
1782813114 · search_document · ok · Monroe v. Pape · 106170 · LIMITED (overruled in part by Monell as to municipal liability); 'Misuse of power, possessed by virtue of state law...is action taken under color of state law' p.184 (quoting Classic; *184; under-color-of-law core remains good law)
# === S4 batch 8 (idx 134-153) · single serial CL lane · tier NEW (no old-5/min throttle; 47 CL calls, all serial, never concurrent) ===
1782814807 · analyze_citations · ok · ALL 20 cites (idx 134-153) · - · 20/20 verified; 18 'name differs' warnings spurious (eyecite off-by-one name bleed; all verified names match targets); Mullenix cluster 3153112 (worklist URL; catalog's 9820073 not used); Navarette canonical 'Prado Navarette v. California' cluster 2670795
1782814807 · search_document x6 · ok · Montejo v. Louisiana · 145873 · SLIP-format (no U.S. star pagination); 'Michigan v. Jackson should be and now is overruled' 556 U.S. 797 (worklist official cite; PINPOINT CAVEAT); waiver-suffices rule restated (slip op. 10, not quoted)
1782814807 · search_document x2 · ok · Moran v. Burbine · 111614 · two-dimensional waiver test 'free and deliberate choice rather than intimidation, coercion, or deception' p.421; 'Events occurring outside of the presence of the suspect...no bearing on the capacity to comprehend' p.422
1782814807 · search_document x2 · ok · Muehler v. Mena · 142878 · 'An officer's authority to detain incident to a search is categorical' p.98; 'officers did not need reasonable suspicion to ask Mena for her name, date and place of birth, or immigration status' p.101
1782814807 · search_document x4 · ok · Mullenix v. Luna · 3153112 · per curiam SLIP-format (577 U.S. ____); al-Kidd 'not to define clearly established law at a high level of generality' + 'The dispositive question is whether the violative nature of particular conduct is clearly established' 577 U.S. 12 (slip op. 6; 'beyond debate' p.11; PINPOINT CAVEAT)
1782814807 · search_document x2 · ok · Murray v. United States · 112136 · 'The ultimate question...whether the search pursuant to warrant was in fact a genuinely independent source' + two disqualifiers (warrant prompted by entry / tainted info to magistrate) p.542 (independent-source def at 537 is Nix quote, used Murray's own language)
1782814807 · search_document x3 · ok · Napue v. Illinois · 105912 · star-pagination *269; 'conviction obtained through use of false evidence, known to be such by representatives of the State, must fall under the Fourteenth Amendment' + 'does not cease to apply merely because the false testimony goes only to the credibility' p.269
1782814807 · search_document x2 · ok · National Treasury Employees Union v. Von Raab · 112220 · 'special governmental needs, beyond the normal need for law enforcement...balance' pp.665-66 (*666 mid-sentence); 'Customs employees who are directly involved in the interdiction of illegal drugs or who are required to carry firearms...diminished expectation of privacy' p.672
1782814807 · search_document x2 · ok · Navarette v. California · 2670795 · page-label pagination; 'the call bore adequate indicia of reliability for the officer to credit the caller's account' p.398 (*399 follows); anonymous-tip rule (quoting Alabama v. White) restated; title 'Navarette' / alias 'Prado Navarette'
1782814807 · search_document · ok · Neil v. Biggers · 108639 · central question 'whether under the totality of the circumstances the identification was reliable even though the confrontation procedure was suggestive' p.199; five reliability factors pp.199-200 (*200 mid-sentence)
1782814807 · search_document · ok · New Jersey v. T.L.O. · 111301 · 'legality of a search of a student should depend simply on the reasonableness, under all the circumstances' + twofold inquiry (justified at inception / reasonably related in scope) p.341; school standard pp.341-42 (*342)
1782814807 · search_document · ok · New York v. Belton · 110559 · LIMITED by Gant; 'when a policeman has made a lawful custodial arrest of the occupant of an automobile, he may...search the passenger compartment' + containers p.460 (dissent 'Ante, at 460' cross-confirms)
1782814807 · search_document x4 · ok · New York v. Burger · 111927 · three-criteria test: 'substantial government interest that informs the regulatory scheme' p.702; '...constitutionally adequate substitute for a warrant' p.703 (*703/*711); second criterion (necessary to further scheme) restated
1782814807 · search_document x3 · ok · New York v. Quarles · 111214 · 'a public safety exception to the requirement that Miranda warnings be given...does not depend upon the motivation of the individual officers' pp.655-56 (*656); 'need for answers...posing a threat to the public safety outweighs the need for the prophylactic rule' p.657 (dissent 'Ante, at 657')
1782814807 · search_document · ok · Nix v. Williams · 111204 · inevitable discovery 'If the prosecution can establish by a preponderance...ultimately or inevitably would have been discovered by lawful means...evidence should be received' p.444 (*445 follows; no bad-faith showing required)
1782814807 · search_document x2 · ok · North Carolina v. Butler · 110065 · 'express written or oral statement of waiver...is not inevitably either necessary or sufficient to establish waiver'; 'in at least some cases waiver can be clearly inferred from the actions and words of the person interrogated' p.373 (*374 follows)
1782814807 · search_document · ok · Ohio v. Robinette · 118066 · 'unrealistic to require police officers to always inform detainees that they are free to go before a consent to search may be deemed voluntary' pp.39-40 (*40 mid-sentence); voluntariness 'question of fact...from all the circumstances' p.40
1782814807 · search_document x2 · ok · Oliver v. United States · 111146 · 'open fields do not provide the setting for those intimate activities that the Amendment is intended to shelter' + 'No Trespassing signs' p.179; open fields/curtilage common-law distinction, 'only the curtilage...warrants the Fourth Amendment protections' p.180
1782814807 · search_document x2 · ok · Olmstead v. United States · 101320 · OVERRULED by Katz; 'The Amendment itself shows that the search is to be of material things' + 'There was no searching. There was no seizure...sense of hearing and that only' p.464 (*464/*465); authority_weight Historical
1782814807 · search_document x2 · ok · Oregon v. Elstad · 111364 · LIMITED-as-applied by Seibert; 'absent deliberately coercive or improper tactics...does not warrant a presumption of compulsion' p.314; 'a suspect who has once responded to unwarned yet uncoercive questioning is not thereby disabled from waiving' p.318 (dissent/fn 'ante, at 314/318')
1782814807 · search_document x3 · ok · Oregon v. Mathiason · 109587 · per curiam; 'police officers are not required to administer Miranda warnings to everyone whom they question. Nor...simply because the questioning takes place in the station house'; 'Miranda warnings are required only where...such a restriction on a person's freedom as to render him in custody' p.495 (*496 follows)
# ===== S4 batch 11 (idx 194-213) · single serial CL lane · NEW tier (~50 calls, 0×429; one transient 'MCP connection lost' recovered on retry) =====
1782821082 · get_endpoint_item clusters x5 · ok · cluster→lead opinion_id resolution (post-2015) · Torres 4867542→4671321; Turner 4403802→4181055; August 10574922→11041510; Braxton 9381854→9377330; Cano 4649091→4426344
1782821082 · search_document x3 · ok · Terry v. Ohio · 107729 · 'specific and articulable facts which, taken together with rational inferences...reasonably warrant that intrusion' p.21; 'reasonably prudent man...warranted in the belief that his safety or that of others was in danger' p.27; frisk authorization 'carefully limited search of the outer clothing' p.30 (*31 follows)
1782821082 · search_document x4 · ok · Texas v. Brown · 110901 · plurality; flashlight 'trenched upon no right secured...by the Fourth Amendment' pp.739-40 (*740); 'immediately apparent...unhappy choice of words' p.741; 'practical, nontechnical probability...is all that is required' p.742
1782821082 · search_document x4 · ok · Texas v. Cobb · 118417 · 'the Sixth Amendment right is offense specific' p.164 (*165 follows); Blockburger 'whether each provision requires proof of a fact which the other does not' p.173 (*174 follows); cert framing 'factually related' pp.167-68
1782821082 · search_document x2 · ok · Torres v. Madrid · 4671321 · 'The application of physical force to the body of a person with intent to restrain is a seizure, even if the force does not succeed in subduing the person' slip op.1 (also 'We hold...does not submit and is not subdued')
1782821082 · search_document x2 + read_document[3,4] · ok · Turner v. United States · 4181055 · materiality 'reasonable probability that, had the evidence been disclosed, the result...would have been different' (quoting Cone) ~582 U.S.324 / 137 S.Ct.1893; 'too little, too weak, or too distant from the main evidentiary points to meet Brady's standards' 137 S.Ct.1894 (page-label); Bagley 'at 682' cross-confirmed
1782821082 · search_document · ok · United States v. Anchondo · 758111 · MISCHARACTERIZED-as-auto-exception; ACTUAL holding SITA: 'warrantless search preceding an arrest is a legitimate search incident to arrest as long as (1)...basis...before the search, and (2) the arrest followed shortly' p.1045; 'cocaine on the defendant's person was the result of a lawful search incident to arrest' p.1046 (*1046)
1782821082 · search_document x3 · ok · United States v. Arvizu · 118474 · 'totality of the circumstances...particularized and objective basis for suspecting legal wrongdoing' p.273; 'Terry, however, precludes this sort of divide-and-conquer analysis' p.274 (*277 later)
1782821082 · search_document · ok · United States v. Ash · 108846 · 'the Sixth Amendment does not grant the right to counsel at photographic displays conducted by the Government for the purpose of allowing a witness to attempt an identification' p.321 (*321)
1782821082 · search_document + read_document[1,3] · ok · United States v. August · 11041510 · 5th Cir 2025 slip; four-part protective-sweep test (Mendez 431 F.3d 420,428) extended '[or curtilage]' + non-arrest entry, slip op.5; LEXICON corrected: worklist 'persuasive, not binding' → Binding in-circuit—5th Cir.
1782821082 · search_document · ok · United States v. Bagley · 111514 · 'evidence is material only if there is a reasonable probability...A reasonable probability is a probability sufficient to undermine confidence in the outcome' p.682 (cross-confirmed by Turner 'Bagley, supra, at 682')
1782821082 · search_document x2 + read_document[15] · ok · United States v. Basher · 183144 · star-pagination 1164-1169; 'A tent is comparable to a house, apartment, or hotel room because it is a private area where people sleep and change clothing' p.1169; 'no expectation of privacy in the campsite...area outside of the tent...is not curtilage' p.1169
1782821082 · search_document + read_document[7,20] · ok · United States v. Braxton · 9377330 · 10th Cir 2023 slip; 'the government concedes...not justified by the warrant exception for searches incident to arrest' slip op.7; 'inevitable-discovery exception...does not apply, and the gun...must be suppressed' slip op.17; actual ratio = inevitable discovery (homed on SITA via concession)
1782821082 · search_document x2 · ok · United States v. Brignoni-Ponce · 109311 · 'officers on roving patrol may stop vehicles only if they are aware of specific articulable facts...reasonably warrant suspicion that the vehicles contain aliens' p.884; 'Mexican appearance a relevant factor, but standing alone it does not justify stopping all Mexican-Americans' pp.886-87 (*886/*887)
1782821082 · search_document x3 · ok · United States v. Calandra · 108898 · 'the rule is a judicially created remedy designed to safeguard Fourth Amendment rights generally through its deterrent effect, rather than a personal constitutional right of the party aggrieved' p.348 (dissent 'Ante, at 348' cross-confirms); grand-jury non-application
1782821082 · search_document · ok · United States v. Cano · 4426344 · 9th Cir 2019 slip; 'We clarify Cotterman by holding that reasonable suspicion...means...officials must reasonably suspect that the cell phone contains digital contraband...whether manual or forensic, must be limited in scope to a search for digital contraband' slip op.5; scope-exceeded 'unreasonable as a border search' slip op.29; circuit split w/ 11th Cir Touset
1782821082 · search_document x2 · ok · United States v. Conner · 747208 · 8th Cir; no star-pagination (pin per published reporter); 'an unconstitutional search occurs when officers gain visual or physical access to a motel room after an occupant opens the door not voluntarily, but in response to a demand under color of authority' p.666
1782821082 · search_document · ok · United States v. Cortez · 110377 · 'the totality of the circumstances—the whole picture—must be taken into account...particularized and objective basis for suspecting the particular person stopped of criminal activity' pp.417-18 (*418 mid-sentence)
1782821082 · search_document + read_document[18,31] · ok · United States v. Cotterman · 854692 · 9th Cir 2013 en banc slip; 'It is the comprehensive and intrusive nature of a forensic examination—not the location...—that is the key factor triggering the requirement of reasonable suspicion' slip op.17; holding 'forensic examination...required a showing of reasonable suspicion, a modest requirement' ~slip op.27; later clarified by Cano
1782821082 · search_document x3 · ok · United States v. Drayton · 121153 · 'police did not seize respondents when they boarded the bus and began questioning' p.203 (*204 follows); 'free to decline the officers' requests or otherwise terminate the encounter' p.202 (*202); 'rejected...that police officers must always inform citizens of their right to refuse' p.206 (*207 follows)
1782824674 · read_document[0,2,3] · ok · United States v. Evans · 564407 · 10th Cir; star-pagination; 'we hold the search conducted at the bus station of the carry-on bag was a lawful inventory search' p.1539; policy 239.29 standardized criteria, Wells ruse-distinction p.1539
1782824674 · read_document[0,1] · ok · United States v. Flores-Montano · 134729 · SCOTUS; 'We hold that the search in question did not require reasonable suspicion' p.150; 'Government's interest...at its zenith at the international border' p.152; gas-tank disassembly conclusion p.155
1782824674 · read_document[0] + search x1 + get_endpoint clusters + read[1] · ok · United States v. Gastiaburo · 6929715 · L3 TRAP: worklist cl_url integer 7027957 = unrelated opinion (Gvillo v. DeClue); resolved cluster 7027957→lead opinion 6929715 (= catalog id). 'does not disappear merely because the car has been immobilized and impounded' p.586; 'Not a single published federal case speaks of a temporal limit' p.587
1782824674 · search_document x3 · ok · United States v. Gooch · 654273 · 9th Cir; NO star-pagination in CL copy → pin 677 = standard reporter pinpoint (quotes verbatim-verified): 'a tent is more like a house than a car...we hold that Gooch had a reasonable expectation of privacy'
1782824674 · search_document x1 + read_document[2] · ok · United States v. Grubbs · 145670 · SCOTUS; star-pagination; 'Anticipatory warrants are...no different in principle from ordinary warrants' p.96; 'Fourth Amendment does not require that the triggering condition...be set forth in the warrant itself' p.99
1782824674 · search_document x2 · ok · United States v. Henry · 110300 · SCOTUS; 'Three factors are important. First, Nichols was acting under instructions as a paid informant...' p.270; 'By intentionally creating a situation likely to induce Henry to make incriminating statements...the Government violated Henry's Sixth Amendment right' p.274
1782824674 · search_document x4 · ok · United States v. Hensley · 111294 · SCOTUS; 'reasonable suspicion...a person...was involved in or is wanted in connection with a completed felony, then a Terry stop may be made' p.229; flyer-reliance 'we hold that the evidence...is admissible if the police who issued the flyer...possessed a reasonable suspicion' p.233
1782824674 · get_endpoint clusters + search_document x2 · ok · United States v. Howard Davis · 4685037 · POST-2015 (L3): resolved cluster 4881258→lead 4685037; identity confirmed 'WYNN, Circuit Judge...Howard Davis'. Slip-pagination only → pin 196 = standard reporter (quotes verbatim): 'the first Gant holding applies to searches of non-vehicular containers'
1782824674 · get_endpoint clusters + search_document x1 · ok · United States v. Jackson · 2798587 · 8th Cir (A.C. Jackson); SR-5 concordant w/ corrected catalog (good faith APPLIED not unavailable). 'does not apply when an officer acting with objective good faith has obtained a search warrant' p.1231; 'objectively reasonable good faith...prosecutor...Judge Shuller' p.1232
1782824674 · search_document x3 (CL origin 502/proxy outage ~12min mid-case; recovered, resumed) · ok · United States v. Jacobsen · 111143 · SCOTUS; 'A seizure of property occurs when there is some meaningful interference with an individual's possessory interests' p.113; private-search scope p.115; field-test p.123
1782824674 · search_document x1 + read_document[1] · ok · United States v. Johns · 111305 · SCOTUS; 'warrantless search three days after the packages were placed in the DEA warehouse was reasonable' p.487; delay did not adversely affect 4A interests p.487
1782824674 · get_endpoint clusters + search_document x3 · ok · United States v. Jones · 7268856 · SCOTUS 2012 GPS (cluster 7350871, lead majority 7268856; distinct from corpus 'Jones v. United States'). 'installation of a GPS device...constitutes a search' p.404; trespass p.404-05; 'Katz...added to, not substituted for, the common-law trespassory test' p.409
1782824674 · search_document x1 · ok · United States v. Knights · 118468 · SCOTUS; general-balancing (not special-needs). 'no more than reasonable suspicion to conduct a search of this probationer's house' p.121; final holding p.122; suspicionless question reserved n.6 p.120
1782824674 · search_document x3 + read_document[9,10,11] · ok · United States v. Leary · 505922 · 10th Cir; star-pagination; 'A warrant that directs an officer to seize records relating to violations of the federal export laws offers no such guidelines' p.609; 'we hold that the good faith exception is inapplicable...affirm...suppress' p.610
1782824674 · search_document x2 · ok · United States v. Leon · 111262 · SCOTUS; 'marginal or nonexistent benefits produced by suppressing evidence obtained in objectively reasonable reliance on a subsequently invalidated search warrant cannot justify the substantial costs of exclusion' p.922; four exceptions p.923
1782824674 · search_document x3 · ok · United States v. Martinez-Fuerte · 109541 · SCOTUS; 'stops and questioning...may be made in the absence of any individualized suspicion at reasonably located checkpoints' p.562; secondary referral p.563; 'consistent with the Fourth Amendment and need not be authorized by warrant' p.566
1782824674 · search_document x1 · ok · United States v. Mathis · 2736649 · 11th Cir (Arnold Maurice Mathis); star-pagination; 'even if the search warrant was not supported by probable cause, evidence...was not subject to suppression under the good faith exception' p.1276; 'the Leon good faith exception applies' p.1277
1782824674 · search_document x3 · ok · United States v. Matlock · 108967 · SCOTUS; 'consent of one who possesses common authority over premises or effects is valid as against the absent, nonconsenting person' p.170; common-authority def (mutual use/joint access) p.171 n.7
1782824674 · search_document x1 · ok · United States v. Mendenhall · 110264 · SCOTUS; 'a person has been seized...only if...a reasonable person would have believed that he was not free to leave' p.554 (Stewart op., later adopted by full Court); seizure examples p.554
1782824674 · search_document x2 · ok · United States v. Montoya de Hernandez · 111509 · SCOTUS; 'detention of a traveler at the border, beyond the scope of a routine customs search...is justified at its inception if customs agents...reasonably suspect...smuggling contraband in her alimentary canal' p.541; duration reasonable p.544
1782832864 · S5-PhaseB-batch1 START (single serial CL lane; tier NEW; 1 transient proxy 'connection lost' on first probe → re-probed ok, resumed)
1782832864 · search x2 + search_document x1 + read_document[1] · ok · Spinelli v. United States · 107831 · ABROGATED by Illinois v. Gates → Historical. cluster=combined-opinion 107831 (lead 9423895 separate); star-pagination. 'The informer's report must first be measured against Aguilar's standards...should then be considered' p.415; 'the informant's tip—even when corroborated to the extent indicated—was not sufficient to provide the basis for a finding of probable cause' p.418
1782832864 · search x1 + search_document x2 · ok · Smith v. Maryland · 110118 · third-party doctrine anchor; combined-opinion 110118 (lead 9427638). 'a person has no legitimate expectation of privacy in information he voluntarily turns over to third parties' p.743-744; 'petitioner voluntarily conveyed numerical information to the telephone company...assumed the risk that the company would reveal to police the numbers he dialed' p.744. good law (Carpenter declined to extend, not overruled)
1782832864 · search x1 + search_document x2 · ok · United States v. Miller · 109433 · third-party doctrine anchor (bank records); combined-opinion 109433 (lead 9426375 Powell). 'All of the documents obtained...voluntarily conveyed to the banks and exposed to their employees in the ordinary course of business' p.442; 'The depositor takes the risk, in revealing his affairs to another, that the information will be conveyed by that person to the Government' p.443. good law (Carpenter declined to extend, not overruled)
1782833096 · search x2 (citation-only matched wrong reporters → re-ran with case_name) + search_document x2 · ok · Schmerber v. California · 107262 · combined-opinion 107262 (lead 9423255 Brennan). 5A: 'the privilege protects an accused only from being compelled to testify against himself, or otherwise provide the State with evidence of a testimonial or communicative nature...did not involve compulsion to these ends' p.761; 4A: 'there was no time to seek out a magistrate and secure a warrant. Given these special facts...an appropriate incident to petitioner's arrest' p.770-771. good (McNeely clarified no per se exigency; Birchfield: blood not SITA)
1782833096 · search x1 + search_document x1 + read_document[2] · ok · Kyllo v. United States · 118443 · combined-opinion 118443 (lead 9434104 Scalia). 'obtaining by sense-enhancing technology any information regarding the interior of the home that could not otherwise have been obtained without physical intrusion...constitutes a search—at least where...not in general public use' p.34; 'all details are intimate details' p.37; holding 'device that is not in general public use...presumptively unreasonable without a warrant' p.40. good law
1782833434 · search x1 + search_document x2 · ok · United States v. Dunn · 111833 · combined-opinion 111833 (lead 9430862 White). curtilage 4-factor test verbatim 'proximity...whether the area is included within an enclosure...the nature of the uses...steps taken by the resident to protect the area from observation' p.301; 'centrally relevant consideration—whether the area in question is so intimately tied to the home itself...umbrella of Fourth Amendment protection' p.301. good law
1782833434 · search x1 + search_document x1 + read_document[1] · ok · Ybarra v. Illinois · 110158 · combined-opinion 110158 (lead 9427721 Stewart). 'a person's mere propinquity to others independently suspected of criminal activity does not, without more, give rise to probable cause to search that person' p.91; 'a search or seizure of a person must be supported by probable cause particularized with respect to that person' p.91; frisk 'not supported by a reasonable belief that he was armed and presently dangerous...must form the predicate to a patdown' p.92-93. good law. (NOTE: CL OCR glitch 'search or seizure another' for official 'search or seize another' — quoted only clean load-bearing sentences)
1782833434 · search x3 (579 U.S. cite + name-only both 0 results → q free-text recovered) + search_document x2 + 1 non-CL read(Carpenter convention) · ok · Birchfield v. North Dakota · 3216391 · POST-2015 L3: SCOTUS cluster 3216497 (consolidated Bernard/Beylund), lead/combined opinion 3216391 (Alito); opinion_url=cluster, opinion_id=lead (matches Carpenter convention). CL copy S.Ct.-paginated. 'a breath test, but not a blood test, may be administered as a search incident to a lawful arrest for drunk driving' 136 S.Ct. 2185; 'impose criminal penalties on the refusal to submit to such a test...limit to the consequences to which motorists may be deemed to have consented' 2185-2186. good law
1782833583 · search x1 + search_document x4 + read_document[2] · ok · Thornton v. United States · 134746 · combined-opinion 134746 (lead 9434613 Rehnquist). 'Belton governs even when an officer does not make contact until the person arrested has left the vehicle' p.617; 'while an arrestee's status as a recent occupant may turn on his temporal or spatial relationship...does not turn on whether he was inside or outside the car at the moment that the officer first initiated contact' p.622; 'So long as an arrestee is the sort of recent occupant...officers may search that vehicle incident to the arrest' p.623-624. status=LIMITED by Arizona v. Gant. RESOLVES dangling Gant/Belton refs.
1782833777 · search x1 + search_document x2 · ok · Garrity v. New Jersey · 107336 · GARRITY CLUSTER (CORE R11). combined-opinion 107336 (lead 9423318 Douglas). 'The choice given petitioners was either to forfeit their jobs or to incriminate themselves...the antithesis of free choice' p.497; holding 'protection of the individual under the Fourteenth Amendment against coerced statements prohibits use in subsequent criminal proceedings of statements obtained under threat of removal from office...extends to all, whether they are policemen or other members of our body politic' p.500. good law. home=[[Public-Employee Compelled Statements (Garrity)]] (S6 authors).
1782833777 · search x1 + search_document x2 · ok · Gardner v. Broderick · 107738 · GARRITY CLUSTER. combined-opinion 107738 (Fortas, NYC officer). 'does not tolerate the attempt...to coerce a waiver of the immunity it confers on penalty of the loss of employment' p.279; carve-out 'if appellant, a policeman, had refused to answer questions specifically, directly, and narrowly relating to the performance of his official duties, without being required to waive his immunity...the privilege...would not have been a bar to his dismissal' p.278. good law.
1782833932 · search x1 + search_document x2 + read_document[0] · ok · Kalkines v. United States · 8594616 · GARRITY CLUSTER. U.S. Court of Claims (cluster 8615714, lead 8594616, Davis J.). CL copy Ct.Cl.-paginated (*573,*574,*579,*581). 'the individual cannot be discharged simply because he invokes his Fifth Amendment privilege' 473 F.2d 1393 / 200 Ct.Cl. 574; KALKINES WARNING 'the public servant can be removed for not replying if he is adequately informed both that he is subject to discharge for not answering and that his replies (and their fruits) cannot be employed against him in a criminal case' 473 F.2d 1393 / 200 Ct.Cl. 574. good law. authority=Binding in-circuit—Fed.Cir. (Ct.Cl. precedent adopted by Fed.Cir.)
1782834078 · search x1 + search_document x4 (3 phrasings 0-match → 'supplant the privilege' hit) + read_document[3] · ok · Lefkowitz v. Turley · 108882 · GARRITY CLUSTER. combined-opinion 108882 (White, NY architects/contractors). 'given adequate immunity, the State may plainly insist that employees either answer questions under oath about the performance of their job or suffer the loss of employment' p.84; holding 'the State may not insist that appellees waive their Fifth Amendment privilege...answers elicited upon the threat of the loss of employment are compelled and inadmissible...States must offer to the witness whatever immunity is required to supplant the privilege and may not insist that the employee or contractor waive such immunity' p.84-85. good law.
1782834215 · search x1 + search_document x2 + read_document[0,1] · ok · LaChance v. Erickson · 118163 · GARRITY CLUSTER. combined-opinion 118163 (Rehnquist, OPM/Fed.Cir.). 'A citizen may decline to answer the question, or answer it honestly, but he cannot with impunity knowingly and willfully answer with a falsehood' (quoting Bryson) p.265; 'If answering an agency's investigatory question could expose an employee to a criminal prosecution, he may exercise his Fifth Amendment right to remain silent' p.267; holding 'a Government agency may take adverse action against an employee because the employee made false statements in response to an underlying charge of misconduct' p.268. good law.
1782834398 · search x2 (full-name+cite 0 results → q free-text) + search_document x3 + read_document[0] · ok · NASA v. FLRA · 9182940 · GARRITY CLUSTER. SCOTUS 527 U.S. 229 (1999), Stevens lead 9182940 (cluster 9188189; CL has DUPLICATE cluster 9188190/lead 9182941 — used 9188189). STATUTORY (FSLMRS §7114(a)(2)(B)) representation holding, NOT 5A. 'whether an investigator employed in NASA's OIG can be considered a representative of NASA...the plain text...dictates an affirmative answer' p.231; §7114(a)(2)(B) text quoted p.233. good law.
1782834398 · S5-PhaseB-batch1 COMPLETE: 15/15 authored (9 foundational + 6 Garrity cluster). 0 escalations. Single serial CL lane throughout; ~52 CL calls total; NO old-tier throttle (tier NEW held; 1 transient proxy 'connection lost' on first probe, re-probed ok). All identity_checked=true; all quotes verbatim+pinpointed via search_document/read_document.
1782838400 · S5-PhaseB-batch2 START (single serial CL lane; tier NEW held throughout; ~52 CL calls; NO old-tier throttle, no 429s, no proxy/502 outage this batch; all calls one-at-a-time, never concurrent)
1782838400 · analyze_citations x1 (18 cites batched for identity+treatment baseline) · ok · 18/18 verified, name cross-check matched, 0 hallucination warnings · clusters: Gouled 99745, Dow 111667, Riley 112175, Andreas 111013, Karo 111257, Knotts 110882, Bond 118354, Place 110979, Soldal 112795, Macon 111477, Class 111600, Berger 107483, Hudson-Palmer 111252, Davis-Miss 107912, Royer 110890, Sharpe 111378, Caballes 137742, Hayes 111382 (all pre-2015 combined-opinion; cluster id = opinion_id per Smith v. Maryland convention)
1782838400 · search_document x2 + read_document[1] · ok · Gouled v. United States · 99745 · OCR-noisy 1921 case, quoted clean official text. ruse/stealth-entry 'whether entrance to the home or office...by stealth, or through social acquaintance, or in the guise of a business call...falls within the scope of the prohibition of the Fourth Amendment' p.306; mere-evidence rule 'may not be used as a means of gaining access to a man's house or office and papers solely for the purpose of making search to secure evidence to be used against him in a criminal or penal proceeding' p.309. treatment=OVERRULED-in-part (mere-evidence rule by [[Warden v. Hayden]]); authority=Historical. home=[[Two Definitions of Search]]
1782838400 · search_document x2 · ok · Dow Chemical Co. v. United States · 111667 · 'such an industrial complex is more comparable to an open field...open to the view and observation of persons in aircraft lawfully in the public airspace' p.239; 'the taking of aerial photographs of an industrial plant complex from navigable airspace is not a search prohibited by the Fourth Amendment' p.239 (dissent 'Ante, at 239'). good law. home=[[Curtilage]]/[[Two Definitions of Search]]. CL cluster name 'Dow Chemical Co. v. United States Ex Rel. Administrator' (aliased)
1782838400 · search_document x2 · ok · Florida v. Riley · 112175 · PLURALITY (White). '[a]ny member of the public could legally have been flying over Riley's property in a helicopter at the altitude of 400 feet' p.451 (dissent 'Ante, at 451'); 'In these circumstances, there was no violation of the Fourth Amendment' p.452 (dissent 'Ante, at 452'). good law. home=[[Curtilage]]. date_decided omitted (CL dateFiled 1989-04-03 differs from true 1989-01-23; year certain)
1782838400 · search_document x2 · ok · Illinois v. Andreas · 111013 · 'No protected privacy interest remains in contraband in a container once government officers lawfully have opened that container...resealing...does not operate to revive or restore the lawfully invaded privacy rights' p.771 (dissent 'Ante, at 771'); test 'absent a substantial likelihood that the contents have been changed, there is no legitimate expectation of privacy' p.773. good law. home=[[Plain View Doctrine]]
1782838400 · search_document x1 + read_document[2] · ok · United States v. Karo · 111257 · 'monitoring of a beeper in a private residence, a location not open to visual surveillance, violates the Fourth Amendment...we think that it does' p.714; 'reveal a critical fact about the interior of the premises...could not have otherwise obtained without a warrant. The case is thus not like Knotts' p.715. good law. home=[[The Third-Party Doctrine and Digital Surveillance]]/[[Two Definitions of Search]]. date_decided omitted (CL dateFiled 1984-09-18 suspect)
1782838400 · search_document x2 · ok · United States v. Knotts · 110882 · 'A person traveling in an automobile on public thoroughfares has no reasonable expectation of privacy in his movements from one place to another' p.281 (confirmed via Karo cite '460 U.S., at 281'); 'Nothing in the Fourth Amendment prohibited the police from augmenting the sensory faculties bestowed upon them at birth with such enhancement as science and technology afforded them' p.282. good law (Jones/Carpenter developed area, did not overrule). home=[[The Third-Party Doctrine and Digital Surveillance]]
1782838400 · search_document x2 + read_document[0] · ok · Bond v. United States · 118354 · 'Physically invasive inspection is simply more intrusive than purely visual inspection' p.337; 'a bus passenger clearly expects that his bag may be handled. He does not expect that other passengers or bus employees will, as a matter of course, feel the bag in an exploratory manner...We therefore hold that the agent's physical manipulation of petitioner's bag violated the Fourth Amendment' p.338-339. good law. docket 98-9349. home=[[Two Definitions of Search]]/[[Abandonment]]. FILENAME: NO year-suffix applied (no actual stem collision per S4-collisions Tier A=NONE; queue's '(2000)' is reader annotation); added alias 'Bond v. United States (2000)'
1782838400 · search_document x5 · ok · United States v. Place · 110979 · ('canine sniff is sui generis' phrase-search failed on italics, recovered w/ 'sui generis'). dog-sniff 'the canine sniff is sui generis...did not constitute a "search" within the meaning of the Fourth Amendment' p.707 (Brennan 'Ante, at 707'); duration 'the police conduct here exceeded the permissible limits of a Terry-type investigative stop. The length of the detention of respondent's luggage alone precludes the conclusion that the seizure was reasonable in the absence of probable cause' p.709. good law (Caballes applied; Jardines bounds at curtilage; Sharpe/Rodriguez develop duration). home=[[Two Definitions of Search]]/[[Terry Stops and Reasonable Suspicion]]
1782838400 · search_document x3 + read_document[0] · ok · Soldal v. Cook County · 112795 · seizure def 'A "seizure" of property...occurs when "there is some meaningful interference with an individual's possessory interests in that property"' p.61 (quoting Jacobsen 466 U.S. 113); 'our cases unmistakably hold that the Amendment protects property as well as privacy' p.62. good law. home=[[Two Definitions of Search]]/[[Seizure of the Person]]
1782838400 · search_document x2 + read_document[2] · ok · Maryland v. Macon · 111477 · no-search 'The officer's action in entering the bookstore and examining the wares that were intentionally exposed to all who frequent the place of business did not infringe a legitimate expectation of privacy...not...a search' p.469; no-seizure 'respondent voluntarily transferred any possessory interest he may have had in the magazines to the purchaser upon the receipt of the funds' p.469 (both before *470). good law. home=[[Two Definitions of Search]]/[[Consent Searches]]. CL caption OCR 'MacOn' (aliased)
1782838400 · search_document x2 + read_document[2] · ok · New York v. Class · 111600 · VIN no-REP 'because of the important role played by the VIN in the pervasive governmental regulation of the automobile...we hold that there was no reasonable expectation of privacy in the VIN' p.114; holding 'this search was sufficiently unintrusive to be constitutionally permissible in light of the lack of a reasonable expectation of privacy in the VIN and the fact that the officers observed respondent commit two traffic violations' p.119. good law. home=[[Two Definitions of Search]]/[[Traffic Stops]]
1782838400 · search_document x3 (1 zero-result) + read_document[0] · ok · Berger v. New York · 107483 · large multi-opinion cluster (207k chars). holding 'the language of New York's statute is too broad in its sweep resulting in a trespassory intrusion into a constitutionally protected area and is...violative of the Fourth and Fourteenth Amendments' p.44; particularity defect 'It lays down no requirement for particularity in the warrant as to what specific crime has been or is being committed, nor "the place to be searched," or "the persons or things to be seized"' p.56. good law (baseline for wiretap warrants; led to Title III 1968). docket 615. home=[[The Third-Party Doctrine and Digital Surveillance]]
1782838400 · search_document x1 · ok · Hudson v. Palmer · 111252 · 'society is not prepared to recognize as legitimate any subjective expectation of privacy that a prisoner might have in his prison cell...the Fourth Amendment proscription against unreasonable searches does not apply within the confines of the prison cell' p.526. good law. home=[[Two Definitions of Search]] (REP boundary). (Parratt-Hudson due-process half noted as outside 4A home.) BL borderline-ingest authored
1782838400 · search_document x2 · ok · Davis v. Mississippi · 107912 · 'Nothing is more clear than that the Fourth Amendment was meant to prevent wholesale intrusions upon the personal security of our citizenry, whether these intrusions be termed "arrests" or "investigatory detentions"' p.726-727; 'Detentions for the sole purpose of obtaining fingerprints are no less subject to the constraints of the Fourth Amendment' p.727. good law (reserved narrow-fingerprinting Q -> Hayes). home=[[Seizure of the Person]]/[[Terry Stops and Reasonable Suspicion]]. stem distinct from Davis v. United States, no suffix
1782838400 · search_document x2 + read_document[3] · ok · Florida v. Royer · 110890 · PLURALITY (White). 'an investigative detention must be temporary and last no longer than is necessary...the investigative methods employed should be the least intrusive means reasonably available to verify or dispel the officer's suspicion' p.500; 'What had begun as a consensual inquiry in a public place had escalated into an investigatory procedure in a police interrogation room...As a practical matter, Royer was under arrest' p.503. good law. home=[[Seizure of the Person]]/[[Terry Stops and Reasonable Suspicion]]
1782838400 · search_document x2 + read_document[2,3] · ok · United States v. Sharpe · 111378 · 'our cases impose no rigid time limitation on Terry stops' p.685; diligence test 'whether the police diligently pursued a means of investigation that was likely to confirm or dispel their suspicions quickly, during which time it was necessary to detain the defendant' p.686 (20-min detention upheld; per se rule rejected). good law (underlies Rodriguez). home=[[Terry Stops and Reasonable Suspicion]]
1782838400 · search_document x3 + read_document[1] · ok · Illinois v. Caballes · 137742 · prolongation 'A seizure that is justified solely by the interest in issuing a warning ticket...can become unlawful if it is prolonged beyond the time reasonably required to complete that mission' p.407; 'a well-trained narcotics-detection dog...during a lawful traffic stop, generally does not implicate legitimate privacy interests' p.409 (dissent 'Ante, at 409'); holding 'A dog sniff conducted during a concededly lawful traffic stop that reveals no information other than the location of a substance that no individual has any right to possess does not violate the Fourth Amendment' p.410. good law (Rodriguez applies no-prolongation; Jardines bounds curtilage). home=[[Traffic Stops]]/[[Two Definitions of Search]]
1782838400 · search_document x2 + read_document[1] · ok · Hayes v. Florida · 111382 · 'the line is crossed when the police, without probable cause or a warrant, forcibly remove a person from his home...and transport him to the police station, where he is detained, although briefly, for investigative purposes...sufficiently like arrests to invoke the traditional rule that arrests may constitutionally be made only on probable cause' p.816; field-fingerprinting reservation (dicta) 'the Fourth Amendment would permit seizures for the purpose of fingerprinting, if there is reasonable suspicion...and if the procedure is carried out with dispatch' p.817 (Brennan 'ante, at 817'). good law (reaffirms Davis v. Miss). home=[[Seizure of the Person]]
1782838400 · S5-PhaseB-batch2 COMPLETE: 18/18 authored (13 Batch A [search-threshold/REP/surveillance incl. Hudson v. Palmer BL] + 5 Batch B [Terry/stops/PC-RS]). 0 escalations. Single serial CL lane throughout (~52 CL calls); tier NEW held, NO old-tier throttle, no 429s, no proxy outage. All identity_checked=true (analyze_citations name cross-check + verbatim quote extraction per case); all quotes verbatim+pinpointed via search_document/read_document with star-pagination labels; all treatment non-blank (17 good + 1 Gouled overruled-in-part). 2 plurality opinions noted (Riley, Royer). 1 alias-disambiguation note (Bond NO year-suffix; queue label is annotation). date_decided omitted for Riley+Karo (CL dateFiled suspect).
1782845000 · S5-PhaseB-batch3 START (single serial CL lane; tier NEW expected; all calls one-at-a-time, never concurrent; cases = Batch B remaining 10 [Glover→Kolender] + Batch C 8 [Brower→New York v. Harris])
1782845100 · get_endpoint_item/clusters x1 + search_document x3 + read_document[1,2],[4],[5] · ok · Kansas v. Glover · POST-2015 L3: SCOTUS cluster 9231313 (other same-name cluster 4742386 ignored), lead opinion 9226123 (Thomas); identity grep "Glover" confirmed in returned text. CL copy S.Ct.-paginated. holding "We hold that when the officer lacks information negating an inference that the owner is the driver of the vehicle, the stop is reasonable" *1186; narrow-scope caveat "We emphasize the narrow scope of our holding"/"the presence of additional facts might dispel reasonable suspicion" *1191; application *1188. good law. opinion_url=cluster, opinion_id=lead (Carpenter/Birchfield convention). home=[[Traffic Stops]]/[[Probable Cause and Reasonable Suspicion]]
1782845200 · search_document x1 + read_document[1,2] · ok · Henry v. United States (1959) · 105963 · pre-2015 combined-opinion (cluster=opinion). PC-at-moment-of-arrest anchor. "Probable cause exists if the facts and circumstances known to the officer warrant a prudent man in believing that the offense has been committed" *102; "the arrest...was complete...necessary to determine whether at or before that time they had reasonable cause" *103; "an arrest is not justified by what the subsequent search discloses. Under our system suspicion is not enough for an officer to lay hands on a citizen" *104. good law. home=[[Probable Cause and Reasonable Suspicion]] Anchor. YEAR-SUFFIX filename applied (prompt+queue directive; reversed-pair disambig vs existing United States v. Henry 1980); alias "Henry v. United States"
1782845300 · search_document x1 · ok · Draper v. United States · 105820 · pre-2015 combined-opinion. informant-corroboration PC. "with every other bit of Hereford's information being thus personally verified, Marsh had \"reasonable grounds\" to believe that the remaining unverified bit...that Draper would have the heroin with him...was likewise true" *313; "we deal with probabilities...factual and practical considerations of everyday life on which reasonable and prudent men, not legal technicians, act" *313 (quoting Brinegar). good law (folded into Illinois v. Gates totality). home=[[Probable Cause and Reasonable Suspicion]] Progeny
1782845400 · search_document x2 + read_document[5] · ok · Sibron v. New York + Peters v. New York · 107730 (CONSOLIDATED opinion, ~98k chars; both share opinion_id; identity grep "Sibron"/"Peters" confirmed). SIBRON (frisk-scope limit): "Before he places a hand on the person of a citizen...he must have constitutionally adequate, reasonable grounds...must be able to point to particular facts from which he reasonably inferred that the individual was armed and dangerous" *64; "the nature and scope of the search...so clearly unrelated to that justification as to render the heroin inadmissible...Patrolman Martin thrust his hand into Sibron's pocket...not reasonably limited in scope" *65-66. PETERS (PC->valid SITA): "the search was properly incident to a lawful arrest. By the time Officer Lasky caught up with Peters...he had probable cause to arrest him for attempted burglary" *66; furtive-flight "strong indicia of mens rea" *66-67; arrest-on-grab + SITA (quoting Preston) *67. both good law. Sibron home=[[Terry Stops and Reasonable Suspicion]] Limiting; Peters home=[[Terry Stops...]] Related + [[Search Incident to Arrest]] Progeny
1782845500 · search_document x1 + read_document[1] · ok · Adams v. Williams · 108571 · pre-2015 combined-opinion. known-informant tip -> RS for Terry stop+frisk. "the information carried enough indicia of reliability to justify the officer's forcible stop of Williams" *147; "Informants' tips...may vary greatly in their value and reliability...subtleties of the hearsay rule should not thwart an appropriate police response" *147; frisk "reaching to the spot where the gun was thought to be hidden constituted a limited intrusion designed to insure his safety...reasonable" *148; PC-to-arrest on finding gun *148. good law (anonymous-tip line White/JL/Navarette distinguishes, not overrule). home=[[Terry Stops and Reasonable Suspicion]] Progeny + [[Probable Cause and Reasonable Suspicion]] Related
1782845600 · search_document x1 + read_document[1] · ok · Brown v. Texas · 110128 · pre-2015 combined-opinion. suspicionless-seizure balancing + no-stop-for-ID-without-RS. "weighing of the gravity of the public concerns served by the seizure, the degree to which the seizure advances the public interest, and the severity of the interference with individual liberty" *51; "seizure must be based on specific, objective facts...or...pursuant to a plan embodying explicit, neutral limitations" *51; holding "application of Tex. Penal Code...to detain appellant and require him to identify himself violated the Fourth Amendment because the officers lacked any reasonable suspicion" *53. good law (Hiibel 2004 answers reserved Q; Sitz/Edmond/Lidster apply balancing). home=[[Terry Stops and Reasonable Suspicion]] Anchor + [[Seizure of the Person]] Related. NOTE stem "Brown v. Texas" distinct from existing "Texas v. Brown" (plain-view) - no suffix
1782845700 · search_document x2 (1 zero-result on "the first Terry condition" italics; recovered via "armed and dangerous" x7) · ok · Arizona v. Johnson · 145912 · pre-2015 combined-opinion (2009; U.S.-Reports paginated). passenger frisk during traffic stop. two conditions "First, the investigatory stop must be lawful...Second...the police officer must reasonably suspect that the person stopped is armed and dangerous" *326-327; holding "in a traffic-stop setting, the first Terry condition...is met whenever it is lawful for police to detain an automobile and its occupants...The police need not have, in addition, cause to believe any occupant...is involved in criminal activity. To justify a patdown...the police must harbor reasonable suspicion that the person subjected to the frisk is armed and dangerous" *327; "a police officer effectively seizes everyone in the vehicle" (Brendlin) *327. good law. home=[[Traffic Stops]] Progeny + [[Terry Stops and Reasonable Suspicion]] Related. stem distinct from Johnson v. United States
1782845800 · search_document x1 + read_document[1] · ok · Arkansas v. Sullivan · 2620699 · PER CURIAM 2001. Whren extended to arrests. "[s]ubjective intentions play no role in ordinary, probable-cause Fourth Amendment analysis" (quoting Whren) *772; "cannot be squared with our decision in Whren...unwilling[ness] to entertain Fourth Amendment challenges based on the actual motivations of individual officers" *772; Oregon v. Hass "may not impose such greater restrictions as a matter of federal constitutional law when this Court specifically refrains" *772. good law. home=[[Traffic Stops]] Progeny (pairs Whren; Atwater same-day). cluster=opinion 2620699
1782845900 · search_document x1 (2 transient HTTP 401 on opinion 110926 -> re-probed lane via Draper 105820 OK -> retried 110926 OK; lane healthy, NOT a 429/old-tier throttle) · ok · Kolender v. Lawson · 110926 · stop-and-identify void-for-vagueness. "unconstitutionally vague within the meaning of the Due Process Clause of the Fourteenth Amendment by failing to clarify what is contemplated by the requirement that a suspect provide a credible and reliable identification" *353-354; "void-for-vagueness doctrine requires that a penal statute define the criminal offense with sufficient definiteness...does not encourage arbitrary and discriminatory enforcement" *357; "vests virtually complete discretion in the hands of the police" *358. good law (Hiibel 2004 distinguishes; name-only statute OK). home=[[Terry Stops and Reasonable Suspicion]] Related. END Batch B (10/10).
1782846000 · search_document x1 + read_document[1] · ok · Brower v. County of Inyo · 112218 · seizure-of-person anchor (§1983 roadblock death). "a Fourth Amendment seizure does not occur whenever there is a governmentally caused termination...(the innocent passerby), nor even...governmentally desired...(the fleeing felon), but only when there is a governmental termination of freedom of movement through means intentionally applied" *596-597; "enough for a seizure that a person be stopped by the very instrumentality set in motion or put in place in order to achieve that result...Brower was meant to be stopped by the physical obstacle of the roadblock—and that he was so stopped" *599; "Fourth Amendment addresses misuse of power...not the accidental effects" *596. good law (Hodari D./Scott/Torres v. Madrid develop). home=[[Seizure of the Person]] Anchor + [[Use of Force]] Related. FILENAME official caption "Brower v. County of Inyo" + alias queue-form "Brower v. Inyo County"
1782846100 · search_document x1 + read_document[1] · ok · Michigan v. Chesternut · 112095 · pursuit-not-seizure / Mendenhall test. "the police can be said to have seized an individual only if, in view of all of the circumstances surrounding the incident, a reasonable person would have believed that he was not free to leave" *573; "we conclude that respondent was not seized by the police before he discarded the packets" *574; no siren/flashers/halt-command/weapons/aggressive-blocking *575; "police car driving parallel to a running pedestrian...does not, standing alone, constitute a seizure" *575-576. good law (Hodari D. refines show-of-authority branch). home=[[Seizure of the Person]] Progeny
1782846200 · search_document x1 + read_document[8] · ok · Atwater v. City of Lago Vista · 2620702 · fine-only-misdemeanor custodial arrest. "the standard of probable cause applie[s] to all arrests, without the need to balance the interests and circumstances...If an officer has probable cause to believe that an individual has committed even a very minor criminal offense in his presence, he may, without violating the Fourth Amendment, arrest the offender" *354; "The arrest and booking were inconvenient and embarrassing to Atwater, but not so extraordinary as to violate the Fourth Amendment" *355; extraordinary-manner caveat (Whren) *353-354. good law (Virginia v. Moore extends). home=[[Seizure of the Person]] Anchor + [[Search Incident to Arrest]] Related. NOTE: [[Virginia v. Moore]] forward-ref (Batch E, not yet authored)
1782846300 · search_document x2 + read_document[2] · ok · Gerstein v. Pugh · 109186 · prompt judicial PC determination after warrantless arrest. "a policeman's on-the-scene assessment of probable cause provides legal justification for arresting...and for a brief period of detention...Once the suspect is in custody, however, the reasons that justify dispensing with the magistrate's neutral judgment evaporate" *113-114; "we hold that the Fourth Amendment requires a judicial determination of probable cause as a prerequisite to extended restraint of liberty following arrest" *114; "must be made by a judicial officer either before or promptly after arrest" *125; nonadversary disposition *126. good law (Riverside implements 48-hr). home=[[Seizure of the Person]] Anchor ONLY. NOTE: pruned queue secondary home [[Arrest in the Home]] per N1/R7.4 - Gerstein holding (post-arrest PC hearing) has no arrest-in-home basis (SR-5 discordance: queue homing hint overridden by holding)
1782846400 · search_document x1 + read_document[4] · ok · County of Riverside v. McLaughlin · 112585 · 48-hour rule implementing Gerstein. "a jurisdiction that provides judicial determinations of probable cause within 48 hours of arrest will, as a general matter, comply with the promptness requirement of Gerstein" *56; "not to say that the probable cause determination...passes constitutional muster simply because it is provided within 48 hours...may nonetheless violate Gerstein if...delayed unreasonably" *56; burden-shift over 48h "the burden shifts to the government to demonstrate the existence of a bona fide emergency or other extraordinary circumstance...Nor...do intervening weekends" *57. good law. home=[[Seizure of the Person]] Progeny. date_decided omitted (CL dateFiled 1991-05-20 vs announced May 13 1991; year certain)
1782846500 · search_document x1 + read_document[1] · ok · Hill v. California · 108305 · reasonable-mistake-of-identity arrest + SITA. "[w]hen the police have probable cause to arrest one party, and when they reasonably mistake a second party for the first party, then the arrest of the second party is a valid arrest" *802; "sufficient probability, not certainty, is the touchstone of reasonableness under the Fourth Amendment...the officers mistake was understandable and the arrest a reasonable response" *804; "entitled to do what the law would have allowed...if Miller had in fact been Hill, that is, to search incident to arrest and to seize evidence" *804-805. good law (Garrison/Heien parallel reasonable-mistake). home=[[Probable Cause and Reasonable Suspicion]] Progeny + [[Search Incident to Arrest]] Related
1782846600 · search_document x1 + read_document[0] · ok · Kirk v. Louisiana · 121167 · PER CURIAM 2002 reaffirms Payton. "[a]bsent exigent circumstances, that firm line at the entrance to the house...may not reasonably be crossed without a warrant" *636 (quoting Payton 445 U.S. 590); holding "police officers need either a warrant or probable cause plus exigent circumstances in order to make a lawful entry into a home. The Court of Appeal's ruling to the contrary...violated Payton" *638. good law. home=[[Arrest in the Home]] Progeny. cluster=opinion 121167
1782846700 · search_document x1 + read_document[1,2] · ok · New York v. Harris · 112413 · Payton-violation exclusionary limit. holding "where the police have probable cause to arrest a suspect, the exclusionary rule does not bar the State's use of a statement made by the defendant outside of his home, even though the statement is taken after an arrest made in the home in violation of Payton" *21; "Payton was designed to protect the physical integrity of the home; it was not intended to grant criminal suspects...protection for statements made outside their premises where the police have probable cause" *17; "Harris' statement taken at the police station was not the product of being in unlawful custody. Neither was it the fruit of having been arrested in the home rather than someplace else" *19. distinguishes Brown/Dunaway/Taylor (no-PC). good law. home=[[Arrest in the Home]] Limiting + [[The Exclusionary Rule]] Related. FILENAME no year-suffix (distinct stem from Batch L Harris v. New York 1971; not in prompt explicit list); alias "New York v. Harris (1990)". pruned [[United States v. Crews]] (Batch H, not authored)
1782846800 · S5-PhaseB-batch3 COMPLETE: 18/18 authored (Batch B remaining 10 [Glover, Henry(1959), Draper, Sibron, Peters, Adams v. Williams, Brown v. Texas, Arizona v. Johnson, Arkansas v. Sullivan, Kolender] + Batch C 8 [Brower v. County of Inyo, Chesternut, Atwater, Gerstein, Riverside-McLaughlin, Hill v. California, Kirk, New York v. Harris]). 0 escalations. Single serial CL lane throughout, all calls one-at-a-time; ~38 CL calls (1 analyze_citations baseline + per-case search_document/read_document). Tier NEW held; NO old-tier throttle, no 429s. 1 transient HTTP-401 blip on opinion 110926 (Kolender) x2 -> re-probed lane (Draper OK) -> retried OK (NOT a throttle). All identity_checked=true (analyze_citations name cross-check 19/19, 0 hallucination warnings + per-case verbatim quote grep). All treatment non-blank (18 good). All quotes verbatim+pinpointed via star-pagination ^pin-N. Year-suffix: Henry v. United States (1959) [prompt directive; reversed-pair vs existing United States v. Henry 1980] + bare alias. NO suffix New York v. Harris (distinct stem from Batch L Harris v. New York; queue-annotation alias). Brower filed under official caption "Brower v. County of Inyo" + queue-form alias "Brower v. Inyo County". SR-5 homing discordance: Gerstein queue secondary home [[Arrest in the Home]] PRUNED per N1 (homed [[Seizure of the Person]] Anchor only). 3 per-curiam (Sullivan, Kirk; Riverside not). Forward-ref wikilink [[Virginia v. Moore]] (Atwater treatment; Batch E pending). date_decided omitted Riverside (CL dateFiled 1991-05-20 vs announced May 13). NO web-discovery needed (all 18 resolved by name on CL).
1782900000 · S5-PhaseB-batch4 START (relaunch; prior attempt authored NOTHING/yielded on transient backoff — queue unchanged, 36 done = Batches A+B+C). Single serial CL lane; tier NEW expected; all calls one-at-a-time, never concurrent. Cases = next 18 in file order: Batch D 15 [Chadwick→Case v. Montana] + Batch E first 3 [Go-Bart, Agnello, Shipley].
1782900100 · search x1 + search_document x2 + read_document[2,3] · ok · United States v. Chadwick · 109714 · 433 U.S. 1 (1977), docket 75-1721. luggage high-REP / warrant for property in exclusive police control. "By placing personal effects inside a double-locked footlocker, respondents manifested an expectation that the contents would remain free from public examination...There being no exigency, it was unreasonable for the Government to conduct this search without the safeguards a judicial warrant provides" p.11; "a person's expectations of privacy in personal luggage are substantially greater than in an automobile" p.13; SITA-remoteness "Once law enforcement officers have reduced luggage or other personal property not immediately associated with the person of the arrestee to their exclusive control...a search of that property is no longer an incident of the arrest" p.15. treatment=LIMITED by [[California v. Acevedo]] (Chadwick-Sanders container distinction collapsed in auto context). home=[[Automobile Exception]] Limiting/Historical + [[Search Incident to Arrest]] Related
1782900200 · search x1 + search_document x3 · ok · Cardwell v. Lewis · 109069 · 417 U.S. 583 (1974) PLURALITY (Blackmun; Powell concur in result), docket 72-1603. car-exterior examination = no search; reduced vehicle REP. "One has a lesser expectation of privacy in a motor vehicle because its function is transportation...It travels public thoroughfares where both its occupants and its contents are in plain view" p.590; "we fail to comprehend what expectation of privacy was infringed" (tire/paint exterior, public lot) p.591; "where probable cause exists, a warrantless examination of the exterior of a car is not unreasonable" p.592. good law. home=[[Automobile Exception]] Related + [[Two Definitions of Search]] Related. SR-5 homing discordance: queue 2nd-home hint [[Curtilage]] OVERRIDDEN per N1 -> ratio is reduced-vehicle-REP/no-search-of-exterior, homed [[Two Definitions of Search]]
1782900300 · search x1 + search_document x1 + read_document[0] · ok · Michigan v. Thomas · 110776 · 458 U.S. 259 (1982) PER CURIAM, docket 81-593. auto exception at station; no separate exigency. "when police officers have probable cause to believe there is contraband inside an automobile that has been stopped on the road, the officers may conduct a warrantless search of the vehicle, even after it has been impounded and is in police custody" p.261; "the justification to conduct such a warrantless search does not vanish once the car has been immobilized; nor does it depend upon a reviewing court's assessment of the likelihood...that the car would have been driven away" p.261. good law. home=[[Automobile Exception]] Progeny
1782900400 · search x2 (name-search returned 49 noise; recovered via citation=466 U.S. 380 + court=scotus) + read_document[0] · ok · Florida v. Meyers · 111157 · 466 U.S. 380 (1984) PER CURIAM, docket 83-1279. IDENTITY CORRECTION: CL/official caption "FLORIDA v. MEYERS, AKA WEYERS" (queue typo "Myers"). 2nd warrantless search of already-impounded car (~8h later) valid. "In Michigan v. Thomas...we upheld a warrantless search of an automobile even though the automobile was in police custody and even though a prior inventory search had already been made. That ruling controls" p.382; quoting Thomas "the justification to conduct such a warrantless search does not vanish once the car has been immobilized" p.382. good law. home=[[Automobile Exception]] Related. FILENAME "Florida v. Meyers.md" (correct spelling) + alias "Florida v. Myers" (queue spelling, L6). SR-5/N1 caption fix.
1782900500 · search x1 + read_document[0] · ok · Maryland v. Dyson · 2621047 · 527 U.S. 465 (1999) PER CURIAM, docket 98-1062. auto exception = NO separate exigency. "under our established precedent, the 'automobile exception' has no separate exigency requirement" p.466; quoting Labron "If a car is readily mobile and probable cause exists to believe it contains contraband, the Fourth Amendment...permits police to search the vehicle without more" p.467; "This finding alone satisfies the automobile exception" p.467. good law. home=[[Automobile Exception]] Progeny
1782900600 · search x1 + search_document x2 + read_document[0,1] · ok · Cooper v. California · 107360 · 386 U.S. 58 (1967), docket 103 (Black, J.). warrantless search of car held for forfeiture reasonable. "whether a search and seizure is unreasonable within the meaning of the Fourth Amendment depends upon the facts and circumstances of each case" p.59; "the question here is not whether the search was authorized by state law...whether the search was reasonable under the Fourth Amendment...the reason for and nature of the custody may constitutionally justify the search" p.61; "subsequent search of the car...was closely related to the reason petitioner was arrested, the reason his car had been impounded, and the reason it was being retained" p.61; "Under the circumstances of this case, we cannot hold unreasonable...the examination or search of a car validly held by officers for use as evidence in a forfeiture proceeding" p.62. good law (distinguishes Preston). home=[[Automobile Exception]] Related (inventory/forfeiture)
1782900700 · search x1 + search_document x3 + read_document[1,2] · ok · Florida v. White · 118287 · 526 U.S. 559 (1999), docket 98-223. warrantless seizure of car from public place on PC it is forfeitable contraband. "they certainly had probable cause to believe that the vehicle itself was contraband under Florida law...This need is equally weighty when the automobile, as opposed to its contents, is the contraband that the police seek to secure" p.565; "the Fourth Amendment did not require a warrant to seize respondent's automobile in these circumstances" p.566 (public area = no privacy invasion; rooted in Carroll/Watson/G.M. Leasing). good law (Souter concur cautions vs blanket 'contraband'). home=[[Automobile Exception]] Related (forfeiture seizure). FILENAME no year-suffix: distinct stem from Alabama v. White + page-less UNVERIFIABLE US v. White (collisions Tier C)
1782900800 · search x1 + read_document[0] · ok · Harris v. United States (1968) · 107625 · 390 U.S. 234 (1968) PER CURIAM, docket 92. plain-view seizure + protective-measure-not-a-search on impounded car. "the discovery of the card was not the result of a search of the car, but of a measure taken to protect the car while it was in police custody. Nothing in the Fourth Amendment requires the police to obtain a warrant in these narrow circumstances" p.236; "objects falling in the plain view of an officer who has a right to be in the position to have that view are subject to seizure and may be introduced in evidence" p.236. good law. N1/SR-5 framing fix: Court EXPRESSLY RESERVED the inventory-regulation question (queue one-liner 'during a lawful inventory' imprecise) -> restated as protective-measure discovery + plain view. home=[[Plain View Doctrine]] Key-Progeny (home-by-holding; queue hint 'Related' upgraded per N1) + [[Automobile Exception]] Related. FILENAME year-suffix "(1968)" + alias "Harris v. United States" (disambig vs 1947 Harris SITA overruled-by-Chimel + US v. Harris 1971)
1782900900 · TRANSIENT PROXY OUTAGE: ~6 consecutive CL calls failed "Anthropic Proxy: Invalid content from server" (search_document/read_document/get_endpoint_item/search all affected). NOT a CL throttle (no "Request was throttled"/429; NOT old-5/min signature). Per RUNBOOK §3 + prompt: retried within turn (did non-CL spacer = validated 8 authored pages + 25s background wait), lane RECOVERED. Did NOT yield. Continued batch.
1782901000 · search x1 + search_document x1 (recovered post-outage) + read_document[1] · ok · Cupp v. Murphy · 108801 · 412 U.S. 291 (1973), docket 72-212 (Stewart, J.). limited search to preserve evanescent evidence on PC, no formal arrest. fingernail scrapings "went beyond mere 'physical characteristics...constantly exposed to the public'"...search subject to 4A; "The rationale of Chimel, in these circumstances, justified the police in subjecting him to the very limited search necessary to preserve the highly evanescent evidence they found under his fingernails" p.296; LIMIT "we do not hold that a full Chimel search would have been justified...without a formal arrest and without a warrant" p.296; holding "considering the existence of probable cause, the very limited intrusion...and the ready destructibility of the evidence, we cannot say that this search violated the Fourth and Fourteenth Amendments" p.296. good law. home=[[Search Incident to Arrest]] Related + [[Exigent Circumstances and Hot Pursuit]] Related
1782901100 · search x1 (1 transient "MCP server connection lost" -> retried OK same call) + search_document x2 + read_document[3] · ok · Michigan v. Tyler · 109874 · 436 U.S. 499 (1978), docket 76-1608 (Stewart, J.). fire entry + reasonable-time investigation; later entries need warrant. "A burning building clearly presents an exigency of sufficient proportions to render a warrantless entry 'reasonable'...once in a building for this purpose, firefighters may seize evidence of arson that is in plain view" p.509; "officials need no warrant to remain in a building for a reasonable time to investigate the cause of a blaze after it has been extinguished" p.510; summation "an entry to fight a fire requires no warrant...officials may remain there for a reasonable time to investigate the cause of the blaze. Thereafter, additional entries...must be made pursuant to the warrant procedures governing administrative searches" p.511. good law (refined by Clifford). home=[[Community Caretaking and Emergency Aid]] Progeny + [[Special Needs and Administrative Searches]] Related
1782901200 · search x1 + search_document x1 + read_document[1] · ok · Michigan v. Clifford · 111057 · 464 U.S. 287 (1984) PLURALITY (Powell; Stevens concur-in-judgment=5th vote), docket 82-357. post-fire search needs warrant where privacy interests remain; admin vs criminal warrant by object. "If reasonable privacy interests remain in the fire-damaged property, the warrant requirement applies, and any official entry must be made pursuant to a warrant in the absence of consent or exigent circumstances" p.293; "If the primary object is to determine the cause and origin of a recent fire, an administrative warrant will suffice...If the primary object of the search is to gather evidence of criminal activity, a criminal search warrant may be obtained only on a showing of probable cause" p.294; "the Cliffords retained reasonable privacy interests in their fire-damaged residence and...the postfire investigations were subject to the warrant requirement" p.295. good law (refines Tyler). home=[[Community Caretaking and Emergency Aid]] Limiting + [[Special Needs and Administrative Searches]] Related
1782901300 · search x1 + read_document[1] · ok · Thompson v. Louisiana · 111282 · 469 U.S. 17 (1984; announced 1985-01-21) PER CURIAM, docket 83-6775. no murder-scene exception (reaffirms Mincey); 2-hr search still needs warrant. "In Mincey v. Arizona...we unanimously rejected the contention that one of the exceptions to the Warrant Clause is a 'murder scene exception'...'the murder scene exception...is inconsistent with the Fourth and Fourteenth Amendments...not constitutionally permissible simply because a homicide had recently occurred there.' Mincey is squarely on point" p.21; "A 2-hour general search remains a significant intrusion on petitioner's privacy and therefore may only be conducted subject to the constraints--including the warrant requirement--of the Fourth Amendment" p.21. good law. home=[[Community Caretaking and Emergency Aid]] Related + [[Securing the Scene]] Related. year=1984 (cite/volume) date_decided 1985-01-21 noted
1782901400 · search x1 + read_document[0,1] · ok · Flippo v. West Virginia · 1854815 · 528 U.S. 11 (1999) PER CURIAM, docket 98-8770. no general crime-scene exception. "A warrantless search by the police is invalid unless it falls within one of the narrow and well-delineated exceptions to the warrant requirement...none of which the trial court invoked here" p.13-14; "This position squarely conflicts with Mincey v. Arizona...we rejected any general 'murder scene exception' as 'inconsistent with the Fourth and Fourteenth Amendments'...Mincey controls here" p.14 (16-hr search + opened closed briefcase; consent left for remand). good law. home=[[Community Caretaking and Emergency Aid]] Related + [[Securing the Scene]] Related (parallel to Thompson for D5 consistency)
1782901500 · search x1 + search_document x1 + read_document[2] · ok · Ryburn v. Huff · 622303 · 565 U.S. 469 (2012) PER CURIAM, docket 11-208. emergency-aid entry on objectively-reasonable belief of imminent violence + QI. "A reasonable police officer could read these decisions to mean that the Fourth Amendment permits an officer to enter a residence if the officer has a reasonable basis for concluding that there is an imminent threat of violence" p.476; "reasonable police officers in petitioners' position could have come to the conclusion that the Fourth Amendment permitted them to enter the Huff residence if there was an objectively reasonable basis for fearing that violence was imminent...based on the facts as found by the District Court" p.477 (Graham split-second/no-hindsight; reversed 9th Cir denial of QI). good law. home=[[Community Caretaking and Emergency Aid]] Progeny + [[Section 1983 Liability and Qualified Immunity]] Related
1782901600 · search x1 + get_endpoint_item/clusters x1 + read_document[0],[3,4] · ok · Case v. Montana · IDENTITY CONFIRMED (flagged ingest): SCOTUS No. 24-624, argued Oct 15 2025, DECIDED Jan 14 2026, 607 U.S. ___ (2026); KAGAN J. UNANIMOUS (Sotomayor+Gorsuch concur); petitioner William Trevor Case v. Montana; cert to Mont. S.Ct.; AFFIRMED (judgment not all reasoning) 417 Mont. 354/553 P.3d 985. POST-2015 L3: cluster 10774335 -> lead opinion_id 11240920 (grep "CASE v. MONTANA"/Kagan confirmed). HELD: Brigham City objective-reasonableness for emergency-aid home entry applies WITHOUT FURTHER GLOSS (NOT lowered to Terry reasonable-suspicion; NOT raised to probable cause). "Brigham City did not adopt Terry's reasonable-suspicion standard for home entries...formulated its own standard...'an objectively reasonable basis for believing'" slip op.7; "We decline Case's invitation to put a new probable-cause spin onto Brigham City...we asked simply whether an officer had 'an objectively reasonable basis for believing' that his entry was direly needed to prevent or deal with serious harm" slip op.8; scope-limit "an emergency-aid entry provides no basis to search the premises beyond what is reasonably needed to deal with the emergency" slip op.9; "An officer may enter a home without a warrant if he has 'an objectively reasonable basis for believing that an occupant is seriously injured or imminently threatened with such injury'...The officers' entry satisfied that test" slip op.10-11. good law (LIVE 2026 holding). home=[[Community Caretaking and Emergency Aid]] Key-Progeny (SCOTUS->Key per N5). slip-op pinpoints ^pin-slipN. END Batch D 15/15.
1782901700 · search x1 + search_document x2 + read_document[3] · ok · Go-Bart Importing Co. v. United States · 101643 · 282 U.S. 344 (1931), docket 111 (Butler, J.). SITA may not become general exploratory search. "There is no formula for the determination of reasonableness. Each case is to be decided on its own facts and circumstances" p.357; "made a general and apparently unlimited search, ransacking the desk, safe, filing cases and other parts of the office. It was a lawless invasion of the premises and a general exploratory search in the hope that evidence of crime might be found" p.358 (distinguishes Marron: visible/accessible items in immediate custody OK). good law (foundational; survives in Chimel). home=[[Search Incident to Arrest]] Historical/Foundational
1782901800 · search x1 + search_document x2 (2 zero-result phrasings -> recovered) + read_document[0] · ok · Agnello v. United States · 100711 · 269 U.S. 20 (1925), docket 6 (Butler, J.). SITA does not reach distant home. "The right without a search warrant contemporaneously to search persons lawfully arrested while committing crime and to search the place where the arrest is made...is not to be doubted" p.30; "But the right does not extend to other places. Frank Agnello's house was several blocks distant from Alba's house, where the arrest was made. When it was entered and searched, the conspiracy was ended and the defendants were under arrest and in custody elsewhere. That search cannot be sustained as an incident of the arrests" p.30-31. good law (foundational; consistent with Chimel). home=[[Search Incident to Arrest]] Historical/Foundational
1782901900 · search x1 + read_document[0] · ok · Shipley v. California · 107982 · 395 U.S. 818 (1969) PER CURIAM, docket 540 Misc. (decided same day as Chimel). no search of home as incident to arrest made OUTSIDE it. "a search 'can be incident to an arrest only if it is substantially contemporaneous with the arrest and is confined to the immediate vicinity of the arrest'" (quoting Stoner) p.819-820; "the Constitution has never been construed...to allow the police, in the absence of an emergency, to arrest a person outside his home and then take him inside for the purpose of conducting a warrantless search...'one's house cannot lawfully be searched without a search warrant, except as an incident to a lawful arrest therein'" (quoting Agnello 269 U.S. at 32) p.820. good law. home=[[Search Incident to Arrest]] Related
1782902000 · S5-PhaseB-batch4 COMPLETE (relaunch): 18/18 authored (Batch D 15 [Chadwick, Cardwell, Michigan v. Thomas, Florida v. Meyers, Maryland v. Dyson, Cooper, Florida v. White, Harris v. US(1968), Cupp v. Murphy, Michigan v. Tyler, Michigan v. Clifford, Thompson v. Louisiana, Flippo, Ryburn v. Huff, Case v. Montana] + Batch E first 3 [Go-Bart, Agnello, Shipley]). 0 escalations. Single serial CL lane throughout, all calls ONE-AT-A-TIME never concurrent; ~46 CL calls. TIER: NEW held; NO old-5/min "Request was throttled"/429 signature at any point. TRANSIENT ERRORS hit + RETRIED-AND-CONTINUED (did NOT yield): ~6 "Anthropic Proxy: Invalid content from server" (Cupp block; recovered after non-CL spacer + 25s wait) + 1 "MCP server connection lost" (Tyler search; recovered on immediate retry) + 2 zero-result search_document phrasings on Agnello (recovered via re-query). All identity_checked=true. All treatment non-blank (16 good + Chadwick LIMITED by [[California v. Acevedo]]). All quotes verbatim+pinpointed (^pin-N; Case v. Montana slip-op ^pin-slipN). CAPTION/IDENTITY FIXES: (1) "Florida v. Myers"->"Florida v. Meyers" (queue typo; filed correct spelling + alias). YEAR-SUFFIX: "Harris v. United States (1968)" + alias (disambig vs 1947 SITA Harris overruled-by-Chimel). NO year-suffix "Florida v. White" (distinct stem, collisions Tier C). FLAGGED IDENTITY CONFIRMED: Case v. Montana = real 2026 SCOTUS (No.24-624, Kagan unanimous, decided 1/14/2026, 607 U.S.___). SR-5/N1 framing fixes: Cardwell 2nd-home Curtilage->Two Definitions of Search; Harris(1968) inventory-question reserved (restated as protective-measure+plain-view) + Plain View home upgraded Related->Key per home-by-holding. 4 plurality (Cardwell, Clifford) + per-curiams (Thomas, Meyers, Dyson, Harris1968, Thompson, Flippo, Ryburn, Shipley). NO web-discovery needed (all resolved by citation/name on CL).
1782843222 · S5-PhaseB-batch5 START (single serial CL lane; tier NEW expected; all calls ONE-AT-A-TIME, never concurrent). 54 done (Batches A+B+C+D + Batch E first 3). Cases = next 18 in file order: Batch E remaining 6 [Vale, US v. Edwards, Virginia v. Moore, Florence, Preston, Knowles] + Batch F 12 [Byars, Winston v. Lee, Ventresca, US v. Harris(1971), Connally, Stanford, Steele, Sabbath, US v. Ramirez, US v. Banks, LA County v. Rettele, Van Leeuwen].
1782843354 · search x1 + read_document[0,1] · ok · Vale v. Louisiana · 108183 · 399 U.S. 30 (1970), docket 727 (Stewart, J.; Blackmun NP; Black+Burger dissent). SITA cannot reach a house when arrest is OUTSIDE it; State bears burden of exigency. "only if it is substantially contemporaneous with the arrest and is confined to the immediate vicinity of the arrest" (quoting Shipley) *33; "If a search of a house is to be upheld as incident to an arrest, that arrest must take place inside the house...not somewhere outside" *34; "The burden rests on the State to show the existence of such an exceptional situation" *34; "We decline to hold that an arrest on the street can provide its own exigent circumstance so as to justify a warrantless search of the arrestees house" *35. good law (applies Chimel). home=[[Search Incident to Arrest]] Limiting / [[Arrest in the Home]] Related. related pruned: dropped Stoner (not yet authored, Batch G).
1782843439 · search x1 + read_document[1,0] · ok · United States v. Edwards · 108995 · 415 U.S. 800 (1974), docket 73-88 (White, J.; Stewart+3 dissent). SITA extends in TIME: clothing taken ~10h after arrest at jail valid. "searches and seizures that could be made on the spot at the time of arrest may legally be conducted later when the accused arrives at the place of detention" *803; "once the accused is lawfully arrested and is in custody, the effects in his possession at the place of detention that were subject to search at the time and place of his arrest may lawfully be searched and seized without a warrant even though a substantial period of time has elapsed" *807; DeLeo quote re privacy out of realm of protection *808-809. good law. home=[[Search Incident to Arrest]] Progeny. related: Robinson/Chimel/Abel/Lafayette (all exist).
1782843588 · search x1 + search_document x1 + read_document[5] · ok · Virginia v. Moore · 145814 · 553 U.S. 164 (2008), docket 06-1082 (Scalia, J.; Ginsburg concur in judgment). CL copy S.Ct.-paginated. Arrest on PC reasonable under 4A even if it violates state arrest law; SITA follows; no exclusion for state-law-only violation. "warrantless arrests for crimes committed in the presence of an arresting officer are reasonable under the Constitution, and...state restrictions do not alter the Fourth Amendments protections" *1607 (S.Ct.); "officers may perform searches incident to constitutionally permissible arrests" / "search incident to the arrest requires no additional justification" *1607; "When officers have probable cause to believe that a person has committed a crime in their presence, the Fourth Amendment permits them to make an arrest, and to search the suspect" *1608. good law. N1 REFINEMENT: led home with [[Seizure of the Person]] Progeny (central holding = arrest reasonableness) ahead of queue-lead [[Search Incident to Arrest]] Progeny + [[The Exclusionary Rule]] Related (all kept). related Robinson/Atwater/Knowles(this batch)/Devenpeck.
1782843784 · search x1 + search_document x4 · ok · Florence v. Board of Chosen Freeholders of County of Burlington · 626454 · 566 U.S. 318 (2012), docket 10-945 (Kennedy, J., except Part IV; Roberts+Alito concur; Breyer+3 dissent). SLIP OPINION on CL (566 U.S. ___, no embedded reporter pagination) -> pinpoints to published U.S. Reports + Part. jail-intake visual strip search of ALL arrestees entering general population, no individualized suspicion, regardless of minor offense. "a regulation impinging on an inmates constitutional rights must be upheld if it is reasonably related to legitimate penological interests" (Turner) ~326; "substantial interest in preventing any new inmate...even greater risk when he is admitted to the general population" Part IV; "search procedures...struck a reasonable balance between inmate privacy and the needs of the institutions. The Fourth and Fourteenth Amendments do not require adoption of the framework of rules petitioner proposes" ~339. good law (Roberts/Alito cabin to general-population detainees). home=[[Search Incident to Arrest]] Progeny / [[Special Needs and Administrative Searches]] Related. alias "Florence v. Board of Chosen Freeholders of County of Burlington". related Lafayette/Maryland v. King/Atwater (Bell v. Wolfish not yet a page - omitted from links).
1782843918 · search x1 + read_document[0,1] · ok · Preston v. United States · 106771 · 376 U.S. 364 (1964), docket 163 (Black, J., unanimous). U.S.-Reports paginated. delayed station/garage car search is NOT SITA (too remote in time/place). "Once an accused is under arrest and in custody, then a search made at another place, without a warrant, is simply not incident to the arrest" *367; "these justifications are absent where a search is remote in time or place from the arrest" *367; "the search was too remote in time or place to have been made as incidental to the arrest...failed to meet the test of reasonableness...rendering the evidence...inadmissible" *368. TREATMENT: good (SITA-remoteness holding intact); auto-exception line (Chambers v. Maroney, Michigan v. Thomas) DISTINGUISHES not overrules -> note added; by=[]. Queue tier-reason good-law CONCORDANT. home=[[Search Incident to Arrest]] Historical / [[Automobile Exception]] Related. related Chambers v. Maroney/Chimel/Agnello/Chadwick.
1782843999 · search x1 + read_document[0,1] · ok · Knowles v. Iowa · 118250 · 525 U.S. 113 (1998), docket 97-7597 (Rehnquist, C.J., unanimous). U.S.-Reports paginated. NO search-incident-to-citation. "whether such a procedure authorizes the officer, consistently with the Fourth Amendment, to conduct a full search of the car. We answer this question no" *113 (CL OCR mangled full->foil; corrected to verbatim full); "neither of these underlying rationales for the search incident to arrest exception is sufficient to justify the search in the present case" *116-117; "Once Knowles was stopped for speeding and issued a citation, all the evidence necessary to prosecute that offense had been obtained" *118; declines to extend Robinson bright-line "We decline to do so" *118-119. good law. home=[[Search Incident to Arrest]] Limiting / [[Traffic Stops]] Related. related Robinson/Mimms/Maryland v. Wilson/Virginia v. Moore. >>> BATCH E COMPLETE (6/6).
1782844180 · [TRANSIENT: read_document first attempt returned "CourtListener rejected the request as unauthorized / session may have expired" — NOT old-5/min throttle. Per RUNBOOK §3: non-CL spacer (ls) + 8s background wait, RETRIED same call within turn -> OK. Lane recovered. Did NOT yield.] search x1 + read_document[0(retry)],[1] · ok · Byars v. United States · 100980 · 273 U.S. 28 (1927), docket 72 (Sutherland, J.). U.S.-Reports paginated. (1) conclusory affidavit ("good reason to believe and does believe") = warrant bad; (2) federal officer participating under color of office federalizes a state search -> bound by federal standards, fruits inadmissible. "The warrant clearly is bad if tested by the Fourth Amendment and the laws of the United States" *29; "A search prosecuted in violation of the Constitution is not made lawful by what it brings to light" *29; "mere participation in a state search of one who is a federal officer does not render it a federal undertaking, the court must be vigilant to scrutinize..." *32; "the search in substance and effect [is] a joint operation of the local and federal officers" *33; silver-platter preserved-for-state-only *33-34. TREATMENT good (not overruled); silver-platter framework superseded by Elkins(1960)/Mapp(1961) -> note. home=[[The Warrant Requirement]] Historical / [[The Exclusionary Rule]] Related. related Weeks/Boyd/Mapp/Agnello (Elkins+Silverthorne Batch-H not-yet-authored -> Elkins named italic-plain in note, not linked).
1782844308 · search x1 + search_document x1 + read_document[1,3] · ok · Winston v. Lee · 111380 · 470 U.S. 753 (1985), docket 83-1334 (Brennan, J.; Burger concur; Blackmun+Rehnquist concur in judgment). U.S.-Reports paginated. compelled surgery (general anesthesia) to remove bullet = unreasonable under Schmerber balance even w/ warrant+PC. "A compelled surgical intrusion into an individuals body for evidence...may be unreasonable even if likely to produce evidence of a crime" *759; "The reasonableness of surgical intrusions beneath the skin depends on a case-by-case approach, in which the individuals interests in privacy and security are weighed against societys interests" *760; "the Commonwealth has failed to demonstrate that it would be reasonable...to search for evidence of this crime by means of the contemplated surgery" *766; "a more substantial justification is required" *767. good law. N1 PRUNE+FLAG: dropped queue 2nd home [[Search Incident to Arrest]] (NOT a SITA case - separately-warranted surgical bodily search, not incident to arrest). home=[[The Warrant Requirement]] Limiting (sole). alias "Lee v. Winston". related Schmerber/Cupp v. Murphy/McNeely.
1782844416 · search x1 + search_document x1 + read_document[1] · ok · United States v. Ventresca · 106990 · 380 U.S. 102 (1965), docket 28 (Goldberg, J.; Douglas dissent). U.S.-Reports paginated; citeCount 4171. commonsense affidavit reading; doubtful cases favor warrant. "affidavits for search warrants...must be tested and interpreted by magistrates and courts in a commonsense and realistic fashion...Technical requirements of elaborate specificity...have no proper place in this area" *108; "the preference accorded police action taken under a warrant" *106-107; "the courts should not invalidate the warrant by interpreting the affidavit in a hypertechnical, rather than a commonsense, manner" *108-109; "the resolution of doubtful or marginal cases in this area should be largely determined by the preference to be accorded to warrants" *109. good law (anchors Gates deferential review / Leon good faith). home=[[The Warrant Requirement]] Progeny / [[Probable Cause and Reasonable Suspicion]] Related. related Gates/Aguilar/Brinegar.
1782844529 · search x1 + search_document x2 + read_document[3] · ok · United States v. Harris (1971) · 108379 · 403 U.S. 573 (1971), docket 30 (Burger, C.J., plurality; White joins Part III making penal-interest a holding; Black/Blackmun concur; Harlan+3 dissent). U.S.-Reports paginated; citeCount 1806. statement against penal interest = indicium of informant reliability supporting PC. "Admissions of crime, like admissions against proprietary interests, carry their own indicia of credibility-sufficient at least to support a finding of probable cause to search" *583; "That the informant may be paid or promised a break does not eliminate the residual risk and opprobrium of having admitted criminal conduct" *584; reputation = practical consideration of everyday life *583. TREATMENT good (penal-interest factor survives under Gates totality); Aguilar-Spinelli framework superseded by Illinois v. Gates 1983 -> note; by=[]. YEAR-SUFFIX filename "United States v. Harris (1971).md" + alias "United States v. Harris" (multiple Harris cases: existing Harris v. United States(1968) reversed-pair + famous 1947 SITA Harris v. United States; prudent disambig per prompt+queue). home=[[Probable Cause and Reasonable Suspicion]] Progeny / [[The Warrant Requirement]] Related. related Aguilar/Spinelli/Gates.
1782844598 · search x1 + read_document[1] · ok · Connally v. Georgia · 109572 · 429 U.S. 245 (1977) PER CURIAM, docket 76-461. U.S.-Reports paginated. JP paid $5 only on warrant ISSUANCE, nothing on denial = not neutral/detached (Tumey/Ward). "His financial welfare...is enhanced by positive action and is not enhanced by negative action...a possible temptation to the average man as a judge" *250; "a direct, personal, substantial, pecuniary interest in his conclusion to issue or to deny the warrant" *250; "we...hold that the issuance of the search warrant by the justice of the peace in Connallys case effected a violation of the protections afforded him by the Fourth and Fourteenth Amendments" *251. good law. home=[[The Warrant Requirement]] Progeny (single). related Coolidge/Lo-Ji Sales (Shadwick v. City of Tampa not a page - omitted).
1782844691 · search x1 + search_document x1 + read_document[2] · ok · Stanford v. Texas · 106964 · 379 U.S. 476 (1965), docket 40 (Stewart, J., unanimous). U.S.-Reports paginated. heightened particularity for expressive materials; general warrant for "books...concerning the Communist Party of Texas" void. "the constitutional requirement that warrants must particularly describe the things to be seized is to be accorded the most scrupulous exactitude when the things are books, and the basis for their seizure is the ideas which they contain" *485; "nothing is left to the discretion of the officer executing the warrant" (Marron) *485-486; "The indiscriminate sweep of that language is constitutionally intolerable" *486; Entick/general-warrant *486. good law. home=[[The Warrant Requirement]] Progeny (single). related Garrison/Groh/Andresen (Entick v. Carrington Batch-O not-yet-authored -> italic-plain in prose, not linked).
1782845005 · [TRANSIENT: prior search attempt hit "MCP server connection lost" then a retryable Cloudflare 502 origin_bad_gateway (NOT old-5/min throttle, no "Request was throttled"); per RUNBOOK §3 did non-CL spacer + ~62s backoff, RETRIED within turn -> OK. Lane recovered.] search x1 + search_document x1 + read_document[1] · ok · Steele v. United States · 100621 (caption "Steele v. United States No. 1") · 267 U.S. 498 (1925), docket 235. U.S.-Reports paginated. particularity of place = reasonable-effort identification. "It is enough if the description is such that the officer with a search warrant can with reasonable effort ascertain and identify the place intended" *503; "The description of the building as a garage and for business purposes at 611 W. 46th Street clearly indicated the whole building as the place intended to be searched" *503. good law. filename "Steele v. United States.md" (no collision; no other Steele page) + alias "Steele v. United States No. 1". home=[[The Warrant Requirement]] Progeny (single). related Garrison/Groh/Stanford.
1782845109 · search x1 + search_document x2 + read_document(none; snippets sufficient) · ok · Sabbath v. United States · 107718 · 391 U.S. 585 (1968), docket 898 (Marshall, J.). U.S.-Reports paginated. "breaking" under 18 USC 3109 / knock-and-announce includes opening a closed but UNLOCKED door. "An unannounced intrusion into a dwelling-what 3109 basically proscribes-is no less an unannounced intrusion whether officers break down a door, force open a chain lock...open a locked door by use of a passkey, or, as here, open a closed but unlocked door" *590; "governed by something more than the fortuitous circumstance of an unlocked door" (Keiningham) *590; "the method of entry vitiated the arrest...evidence seized in the subsequent search incident thereto should not have been admitted" *585-586. TREATMENT good (breaking definition intact); suppression remedy for k&a violations later limited by Hudson v. Michigan 2006 (4A) -> note; by=[]. home=[[The Warrant Requirement]] Progeny / [[Arrest in the Home]] Related. related Wilson v. Arkansas/Richards v. Wisconsin/Hudson v. Michigan/US v. Ramirez(this batch).
1782845221 · search x1 + search_document x2 + read_document[1] · ok · United States v. Ramirez · 118180 · 523 U.S. 65 (1998), docket 96-1469 (Rehnquist, C.J., unanimous). U.S.-Reports paginated. no-knock entry causing property damage judged by SAME Richards RS standard; no higher bar. "whether the Fourth Amendment holds officers to a higher standard...when a no-knock entry results in the destruction of property[,]...We hold that it does not" *68; "Whether such a reasonable suspicion exists depends in no way on whether police must destroy property in order to enter" *71; "Excessive or unnecessary destruction of property in the course of a search may violate the Fourth Amendment, even though the entry itself is lawful" *71; broke single garage window reasonable *71-72. good law. N1 PRUNE+FLAG: dropped queue 2nd home [[Knock and Talk]] (MISMATCH - this is knock-and-ANNOUNCE warrant execution, NOT consensual knock-and-talk; homed like Sabbath/Wilson/Richards/Banks). home=[[The Warrant Requirement]] Progeny (sole). related Richards/Wilson v. Arkansas/US v. Banks(this batch)/Sabbath(this batch).
1782845305 · search x1 + search_document x1 · ok · United States v. Banks · 131146 · 540 U.S. 31 (2003), docket 02-473 (Souter, J., unanimous). U.S.-Reports paginated. 15-20s wait after knock-announce before forcible entry reasonable in felony drug case (imminent destruction). "after 15 or 20 seconds without a response, police could fairly suspect that cocaine would be gone if they were reticent any longer" *38; "it is imminent disposal, not travel time to the entrance, that governs when the police may reasonably enter" *40; "Once the exigency had matured...the officers were not bound to learn anything more or wait any longer before going in, even though their entry entailed some harm to the building" *40. good law. home=[[The Warrant Requirement]] Progeny (single; queue concordant). related US v. Ramirez(this batch)/Richards/Wilson v. Arkansas. NB stem distinct from Banks v. Dretke (Batch N Brady) - no collision.
1782845444 · search x1 + search_document x1 + read_document[2] · ok · Los Angeles County v. Rettele · 145728 (caption "Los Angeles County, California v. Rettele") · 550 U.S. 609 (2007) PER CURIAM, docket 06-605 (Stevens+Ginsburg concur in judgment on QI; Souter would deny cert). CL copy S.Ct.-paginated. brief detention of occupants (naked, out of bed, gunpoint, ~2 min; whole episode <15 min) while securing scene during valid-warrant execution = reasonable; no 4A violation -> no QI inquiry needed. "Deputies were not required to turn their backs to allow Rettele and Sadler to retrieve clothing...The risk of harm...is minimized if the officers routinely exercise unquestioned command of the situation" (Summers) *1993; "no accusation that the detention here was prolonged. The deputies left the home less than 15 minutes after arriving" *1993; "When officers execute a valid warrant and act in a reasonable manner to protect themselves from harm...the Fourth Amendment is not violated" *1993-94; QI: "no necessity for further inquiries concerning qualified immunity" (Saucier) *1994. good law. home=[[Securing the Scene]] Progeny / [[Section 1983 Liability and Qualified Immunity]] Related. alias "Los Angeles County, California v. Rettele". related Summers/Muehler v. Mena/Bailey.
1782845555 · search x1 + read_document[1,0] · ok · United States v. Van Leeuwen · 108099 · 397 U.S. 249 (1970), docket 403 (Douglas, J., unanimous). U.S.-Reports paginated. brief detention of first-class mail on RS pending diligent warrant pursuit = reasonable. "The nature and weight of the packages, the fictitious return address, and the British Columbia license plates...certainly justified detention, without a warrant, while an investigation was made" *252; "No interest protected by the Fourth Amendment was invaded by forwarding the packages the following day...that privacy was not disturbed or invaded until the approval of the magistrate was obtained" *253; "a 29-hour delay...cannot be said to be unreasonable" on these facts *253. good law (precursor to Place). N1 PRUNE+FLAG: dropped queue home [[Special Needs and Administrative Searches]] (MISMATCH - individualized-RS brief seizure, NOT a suspicionless special-needs/administrative regime; also internally inconsistent w/ queue since its pair Place is homed to Terry/Two-Definitions). home=[[Terry Stops and Reasonable Suspicion]] Related / [[Two Definitions of Search]] Related. related Place/Terry v. Ohio/Illinois v. McArthur. >>> BATCH 5 COMPLETE 18/18.
1782845575 · S5-PhaseB-batch5 COMPLETE: 18/18 authored (Batch E remaining 6 [Vale, US v. Edwards, Virginia v. Moore, Florence, Preston, Knowles] + Batch F 12 [Byars, Winston v. Lee, Ventresca, US v. Harris(1971), Connally, Stanford, Steele, Sabbath, US v. Ramirez, US v. Banks, LA County v. Rettele, Van Leeuwen]). 0 escalations. Single serial CL lane throughout, ALL calls one-at-a-time never concurrent; ~46 CL calls. TRANSIENTS hit+retried-within-turn (NOT old-5/min throttle): (1) read_document unauthorized/session-expired on Byars -> spacer+8s wait -> OK; (2) search_document MCP connection-lost on Steele; (3) Cloudflare 502 origin_bad_gateway on Steele retry -> spacer+~62s backoff -> OK. NEW tier held throughout (no "Request was throttled"/429 old-signature). YEAR-SUFFIX: United States v. Harris (1971).md + alias "United States v. Harris" (vs existing Harris v. United States(1968) reversed-pair + famous 1947 SITA Harris). N1 home prunes+flags: Winston v. Lee (dropped [[Search Incident to Arrest]] - bodily-intrusion/warrant case); US v. Ramirez (dropped [[Knock and Talk]] - it is knock-and-ANNOUNCE); Van Leeuwen (dropped [[Special Needs]] - individualized-RS brief seizure, re-homed to Terry/Two-Definitions like its pair Place). Virginia v. Moore led with [[Seizure of the Person]] per N1 (central holding=arrest reasonableness). Slip/SCt-pagination noted: Florence (slip), Virginia v. Moore + Rettele (S.Ct.).
1782902000 · [S5-B6 #1] search x1 + get_endpoint_item(clusters/101970) x1 + read_document x1 · ok · Sgro v. United States · opinion 101970 · 287 U.S. 206 (1932), No. 55, decided 1932-12-05 (Hughes, C.J.; McReynolds concur; Stone & Cardozo dissent). HOLDING: warrant void if unexecuted within statutory 10 days cannot be revived by redating; reissue = new proceeding requiring fresh contemporaneous PC finding. quotes p.210 "no provision which authorizes the commissioner to extend its life or to revive it"; p.211 "issue of a second warrant is essentially a new proceeding which must have adequate support...These cannot be escaped by describing the action as a reissue"; p.211 "purpose of the statute would be thwarted if by the simple expedient of redating, without more, the time for the execution of a warrant could be extended"; p.212 "took no proof to show that probable cause then existed...simply changed the date of the old warrant." good law (staleness/prompt-execution foundational). home=[[The Warrant Requirement]] Progeny(staleness)
1782902400 · [S5-B6 #2] search x1 + read_document[chunk0] x1 + search_document("no special showing") x1 + read_document[chunk4] x1 · ok · Gooding v. United States · opinion 109017 · 416 U.S. 430 (1974), No. 72-6902, decided 1974-04-29 (Rehnquist, J.; Douglas & Marshall dissent). HOLDING: 21 U.S.C. §879(a) governs nighttime narcotics-warrant service (not Rule 41 / DC Code); requires no special showing for a nighttime search other than that contraband is likely on the premises at that time. quotes p.439 "at any time of the day or night...probable cause to believe that grounds exist for the warrant and for its service at such time"; p.458 "21 U.S.C. §879(a) requires no special showing for a nighttime search, other than a showing that the contraband is likely to be on the property or person to be searched at that time"; p.458 application "continuing traffic of drugs...prior purchase through an informer...sufficient to satisfy 21 U.S.C. §879(a)". good law (statutory; statute in force). home=[[The Warrant Requirement]] Related(nighttime execution)
1782902800 · [S5-B6 #3] search x1 + search_document("covert entry") x1 + search_document("precise manner...executed") x1 · ok · Dalia v. United States · opinion 110061 · 441 U.S. 238 (1979), No. 77-1722, decided 1979-04-18 (Powell, J.; cert to CA3 575 F.2d 1344). HOLDINGS: (II) 4A does not per se prohibit covert entry to install legal bugging equipment; (III) Title III authorizes courts to approve covert entries though statute silent; (IV) 4A does not require warrant to specify manner of execution / covert entry. quotes p.248 "The Fourth Amendment does not prohibit per se a covert entry performed for the purpose of installing otherwise legal electronic bugging equipment"; p.257 "search warrants [need not] include a specification of the precise manner in which they are to be executed...generally left to the discretion of the executing officers". good law. home=[[The Warrant Requirement]] Progeny(manner of execution/covert entry)
1782903200 · [S5-B6 #4] search x1 + search_document("owner...suspected of crime") x1 + search_document("scrupulous exactitude") x1 + read_document[chunk4] x1 · ok · Zurcher v. Stanford Daily · opinion 109876 · 436 U.S. 547 (1978), No. 76-1484, decided 1978-05-31 (White, J.; CL date_filed 1978-10-02 reflects later modification, decision May 31 1978). HOLDING: warrant may search non-suspect third party premises (incl. newspaper) on PC evidence is there; 1A requires warrant requirements applied with "scrupulous exactitude," not subpoena-first. quotes p.556 "critical element...is not that the owner of the property is suspected of crime but that there is reasonable cause to believe that the specific 'things'...are located on the property"; p.564 "requirements of the Fourth Amendment must be applied with 'scrupulous exactitude'". good law (4A holding intact; Privacy Protection Act 1980 §2000aa statutory overlay for press, NOT a constitutional limit). home=[[The Warrant Requirement]] Progeny(third-party premises)
1782903700 · [S5-B6 #5] search x1 + search_document("landlord") x1 + read_document[chunk2] x1 · ok · Chapman v. United States (1961) · opinion 106197 · 365 U.S. 610 (1961), No. 175, decided 1961-04-03 (Whittaker, J.; Frankfurter concur in judgment; Clark dissent). YEAR-SUFFIX collision (real-world same-stem Chapman v. United States 500 U.S. 453 (1991) LSD-weight, not in corpus); file = "Chapman v. United States (1961).md", alias "Chapman v. United States". HOLDING: landlord cannot consent to search of tenant's leased premises; warrantless entry on landlord's authority violates 4A. quotes p.617 (quoting Johnson 333 U.S. 14) "would reduce the [Fourth] Amendment to a nullity and leave [tenants'] homes secure only in the discretion of [landlords]"; p.618 "It follows that this search was unlawful...the judgment of the Court of Appeals must be [reversed]". good law (consistent w/ Matlock, Stoner, Randolph). home=[[Consent Searches]] Progeny(third-party consent)
1782904100 · [S5-B6 #6] search x1 + search_document("night clerk") x1 + search_document("entitled to constitutional protection") x1 · ok · Stoner v. California · opinion 106777 · 376 U.S. 483 (1964), No. 209, decided 1964-03-23 (Stewart, J.). HOLDING: hotel night clerk cannot consent to search of guest's room; only the guest may waive his 4A right; apparent-authority of clerk insufficient. quotes p.490 "a guest in a hotel room is entitled to constitutional protection against unreasonable searches and seizures. That protection would disappear if it were left to depend upon the unfettered discretion of an employee of the hotel"; p.488 "rights protected by the Fourth Amendment are not to be eroded by strained applications of the law of agency or by unrealistic doctrines of 'apparent authority'"; p.489 "right...only the petitioner could waive...no basis whatsoever to believe that the night clerk had been authorized by the petitioner". good law (distinguished, not overruled, by Illinois v. Rodriguez). home=[[Consent Searches]] Progeny(third-party consent/apparent authority)
1782904500 · [S5-B6 #7] search x1 + search_document("claim of lawful authority") x1 + search_document("instinct with coercion") x1 · ok · Bumper v. North Carolina · opinion 107716 · 391 U.S. 543 (1968), No. 1016, decided 1968-06-03 (Stewart, J.). HOLDING: consent invalid where mere acquiescence to officer's claim of lawful authority (false/unsubstantiated claim of warrant); State bears burden of proving voluntariness. quotes p.548-549 "burden of proving that the consent was, in fact, freely and voluntarily given. This burden cannot be discharged by showing no more than acquiescence to a claim of lawful authority"; p.550 "he announces in effect that the occupant has no right to resist the search. The situation is instinct with coercion...Where there is coercion there cannot be consent". good law (carried into Schneckloth). home=[[Consent Searches]] Limiting(voluntariness)
1782904900 · [S5-B6 #8] search x1 + search_document("commercial") x1 + read_document[chunk1] x1 · ok · Lewis v. United States (1966) · opinion 107312 · 385 U.S. 206 (1966), No. 36, decided 1966-12-12 (Warren, C.J.; Brennan/Fortas concur; Douglas dissent). YEAR-SUFFIX (real-world same-stem Lewis v. US 445 U.S. 55 (1980) felon-in-possession; 518 U.S. 322 (1996) petty offense — not in corpus); file="Lewis v. United States (1966).md", alias "Lewis v. United States". HOLDING: undercover agent invited into home to buy contraband = no 4A search (misplaced trust); agent may not exceed invitation. quotes p.211 "the home is converted into a commercial center...A government agent...may accept an invitation to do business and may enter upon the premises for the very purposes contemplated by the occupant"; p.211 limit "does not mean...an agent is authorized to conduct a general search" (cites Gouled); p.210 "agent see, hear, or take anything that was not contemplated...by petitioner as a necessary part of his illegal business". good law (false-friend line: Hoffa/Lopez/White). N1 RE-ORDER: home-by-holding = [[Two Definitions of Search]] primary (search-threshold/misplaced trust), [[Consent Searches]] secondary Related (queue had Consent first). home=[[Two Definitions of Search]] Related + [[Consent Searches]] Related
1782905300 · [S5-B6 #9] search x1 + search_document("administrative entry") x1 + search_document("businessman, like the occupant") x1 · ok · See v. City of Seattle · opinion 107474 · 387 U.S. 541 (1967), No. 180, decided 1967-06-05 (White, J.). HOLDING: nonpublic commercial-premises admin inspection generally requires a warrant; businessman may refuse warrantless regulatory entry, cannot be punished. quotes p.543 "The businessman, like the occupant of a residence, has a constitutional right to go about his business free from unreasonable official entries upon his private commercial property"; p.545 "administrative entry, without consent, upon the portions of commercial premises which are not open to the public may only be compelled through prosecution or physical force within the framework of a warrant procedure". good law (companion to Camara; later pervasively-regulated exception Barlow's/Donovan/Biswell/Burger). home=[[Special Needs and Administrative Searches]] Anchor + [[The Warrant Requirement]] Related
1782905700 · [S5-B6 #10] search x1 + search_document("warrant") x1 + search_document("do not suffice to justify warrantless") x1 · ok · Marshall v. Barlow's, Inc. · opinion 109866 · 436 U.S. 307 (1978), No. 76-1143, decided 1978-05-23 (White, J.). file stem "Marshall v. Barlow's Inc.md" (apostrophe-safe), alias "Marshall v. Barlow's". HOLDING: OSHA §8(a) warrantless workplace-inspection authorization unconstitutional; admin warrant required for ordinary business absent pervasively-regulated exception. quotes p.311 "The Warrant Clause of the Fourth Amendment protects commercial buildings as well as private homes"; p.313 "unless some recognized exception to the warrant requirement applies, See v. Seattle would require a warrant"; p.324 "do not suffice to justify warrantless inspections under OSHA or vitiate the general constitutional requirement that for a search to be reasonable a warrant must be obtained"; p.325 "the Act is unconstitutional insofar as it purports to authorize inspections without warrant or its equivalent". admin-warrant standard < criminal PC. good law. home=[[Special Needs and Administrative Searches]] Progeny
1782906200 · [S5-B6 #11] search x1 + search_document("pervasively regulated") x1 + read_document[chunk2] x1 + search_document x2 (expectation of privacy variants) · ok · Donovan v. Dewey · opinion 110530 · 452 U.S. 594 (1981), No. 80-901, decided 1981-06-17 (Marshall, J.; Rehnquist concur; Stewart dissent). HOLDING: warrantless inspections of pervasively-regulated mines under Mine Safety & Health Act §103(a) reasonable; comprehensive scheme (certainty/regularity/frequency/scope) is constitutionally adequate substitute for warrant. quotes p.598-599 "expectation of privacy that the owner of commercial property enjoys...differs significantly from the sanctity accorded an individual's home...adequately protected by regulatory schemes authorizing warrantless inspections"; p.602 "warrantless inspections required by the Mine Safety and Health Act do not offend the Fourth Amendment"; p.603 "certainty and regularity of its application, provides a constitutionally adequate substitute for a warrant. We believe that it does". good law (Colonnade-Biswell line; later Burger 3-part test). home=[[Special Needs and Administrative Searches]] Progeny
1782906700 · [S5-B6 #12] search x1 + search_document("inspection is to be effective") x1 + search_document x2 + read_document[chunk1] x1 · ok · United States v. Biswell · opinion 108533 · 406 U.S. 311 (1972), No. 71-81, decided 1972-05-15 (White, J.; Blackmun concur in result; Douglas dissent). HOLDING: warrantless inspection of federally licensed firearms dealer under Gun Control Act §923(g) reasonable; pervasively-regulated business, licensee accepts inspection, unannounced inspection essential. quotes p.316 "if inspection is to be effective and serve as a credible deterrent, unannounced, even frequent, inspections are essential...prerequisite of a warrant could easily frustrate inspection"; p.316 "When a dealer chooses to engage in this pervasively regulated business...The dealer is not left to wonder about the purposes of the inspector or the limits of his task"; p.317 "the inspection may proceed without a warrant where specifically authorized by statute. The seizure of respondent's sawed-off rifles was not unreasonable". good law (w/ Colonnade; Donovan, Burger). home=[[Special Needs and Administrative Searches]] Progeny
1782907300 · [S5-B6 #13] search x1 + get_endpoint_item(clusters/145852 sub_opinions) x1 + search_document x4 · ok · Safford Unified School District #1 v. Redding · cluster 145852 -> lead opinion 145852 (Souter, J.) IDENTITY CONFIRMED in returned text · 557 U.S. 364 (2009), No. 08-479, decided 2009-06-25. HOLDING: strip search of 13yo for prescription/OTC pain pills unreasonable under T.L.O. (intrusion must match suspicion; no danger or reason pills in underwear); officials had QI (right not clearly established). quotes p.376-377 "any indication of danger to the students from the power of the drugs or their quantity, and any reason to suppose that Savana was carrying pills in her underwear...the combination of these deficiencies was fatal to finding the search reasonable"; p.368 "the official who ordered the unconstitutional search is entitled to qualified immunity from liability"; p.374-375 "embarrassing, frightening, and humiliating"; applies T.L.O. 469 U.S. at 341 scope standard. NOTE: opinion text in slip-pagination; used established U.S. Reports pinpoints (368/374-375/376-377). good law. home=[[Special Needs and Administrative Searches]] Progeny + [[Section 1983 Liability and Qualified Immunity]] Related(QI)
1782907900 · [S5-B6 #14] search x1 + search_document x3 (operational realities / reasonableness / work-related misconduct) · ok · O'Connor v. Ortega · opinion 111851 · 480 U.S. 709 (1987), No. 85-530, decided 1987-03-31 (O'Connor, J., PLURALITY; Scalia concur in judgment = controlling 5th vote on reasonableness; Blackmun dissent). [BL borderline-ingest]. HOLDING: public employees may have REP in office/desk/files subject to operational realities; employer work-related searches judged by reasonableness, no warrant/PC. quotes p.717 "Individuals do not lose Fourth Amendment rights merely because they work for the government...The operational realities of the workplace, however, may make some employees' expectations of privacy unreasonable when an intrusion is by a supervisor rather than a law enforcement official"; p.725-726 "public employer intrusions...for noninvestigatory, work-related purposes, as well as for investigations of work-related misconduct, should be judged by the standard of reasonableness under all the circumstances...both the inception and the scope of the intrusion must be reasonable". good law (reaffirmed in Quon 2010). home=[[Special Needs and Administrative Searches]] Anchor(workplace REP)
1782908500 · [S5-B6 #15] search x1 (2 clusters: 148797 canonical + 6796843 dup) + get_endpoint_item(clusters/148797 sub_opinions) x1 + search_document x4 · ok · City of Ontario v. Quon · cluster 148797 -> lead opinion 148797 (Kennedy, J.; Roberts/Stevens/Thomas/Ginsburg/Breyer/Alito; Stevens & Scalia concur) IDENTITY CONFIRMED · 560 U.S. 746 (2010), No. 08-1332, decided 2010-06-17. [BL borderline-ingest]. HOLDING: govt employer review of employee texts on dept pager reasonable (legitimate work-related purpose + not excessive scope); REP assumed arguendo, not decided; declined broad digital-privacy rules. quotes p.761 "Because the search was motivated by a legitimate work-related purpose, and because it was not excessive in scope, the search was reasonable under the approach of the O'Connor plurality"; p.759 "The judiciary risks error by elaborating too fully on the Fourth Amendment implications of emerging technology before its role in society has become clear". NOTE slip-pagination; used established U.S. Reports pinpoints 759/761. good law (echoed in Riley/Carpenter). home=[[Special Needs and Administrative Searches]] Progeny(digital workplace REP)
1782909100 · [S5-B6 #16] search x1 + search_document x3 (silver platter / removing the incentive / inadmissible over...timely objection) · ok · Elkins v. United States · opinion 106107 · 364 U.S. 206 (1960), No. 126, decided 1960-06-27 (Stewart, J.; Frankfurter/Clark/Harlan/Whittaker dissent). HOLDING: silver-platter doctrine abolished; state-seized evidence that would violate 4A if federally seized is inadmissible in federal court; exclusionary rule's purpose is deterrence. quotes p.208 "we conclude that this [silver platter] doctrine can no longer be accepted"; p.217 "The rule is calculated to prevent, not to repair. Its purpose is to deter—to compel respect for the constitutional guaranty in the only effectively available way—by removing the incentive to disregard it"; p.223 "evidence obtained by state officers during a search which, if conducted by federal officers, would have violated the defendant's immunity...is inadmissible over the defendant's timely objection in a federal criminal trial". good law (Mapp 1961 mooted silver-platter; deterrence rationale foundational). home=[[The Exclusionary Rule]] Anchor
1782909500 · [S5-B6 #17] search x1 + read_document(full) x1 · ok · Silverthorne Lumber Co. v. United States · opinion 99506 · 251 U.S. 385 (1920), No. 358, decided 1920-01-26 (Holmes, J.; White C.J. & Pitney dissent). HOLDING: origin of fruit-of-poisonous-tree AND independent-source; illegally obtained evidence may not be used at all, directly or indirectly; gov't may not exploit knowledge from its own wrong; but facts from independent source may be proved. quotes p.392 "not merely evidence so acquired shall not be used before the Court but that it shall not be used at all"; p.392 "If knowledge of them is gained from an independent source they may be proved like any others, but the knowledge gained by the Government's own wrong cannot be used by it in the way proposed"; p.392 "It reduces the Fourth Amendment to a form of words". good law (foundational; Nardone/Wong Sun/Murray). home=[[The Exclusionary Rule]] Anchor
1782909900 · [S5-B6 #18] search x1 + read_document(full) x1 · ok · Nardone v. United States · opinion 103259 · 308 U.S. 338 (1939), No. 240, decided 1939-12-11 (Frankfurter, J.; McReynolds dissent; Reed not part) = "Nardone II" (distinct from Nardone I 302 U.S. 379 (1937)). HOLDING: coined "fruit of the poisonous tree" + recognized attenuation; bars derivative use of illegally obtained evidence; accused may prove substantial part of case was fruit of poisonous tree; gov't may show independent origin / taint attenuated. quotes p.340-341 "the knowledge gained by the Government's own wrong cannot be used by it...simply because it is used derivatively" (quoting Silverthorne 251 U.S. 392); p.341 "the accused to prove that a substantial portion of the case against him was a fruit of the poisonous tree...independent origin"; p.341 "such connection may have become so attenuated as to dissipate the taint". good law (statutory §605 but doctrine carried into 4A via Wong Sun, Brown v. Illinois). home=[[The Exclusionary Rule]] Anchor(attenuation). === BATCH 6 COMPLETE: 18/18 authored, 0 escalations, serial single-lane, 0 transient errors. ===
1782980000 · [S5-B7 #1] search x1 + get_endpoint_item(clusters/109816 sub_opinions) x1 + search_document("greater reluctance") x1 + read_document[chunk3] x1 · ok · United States v. Ceccolini · cluster 109816 -> lead opinion 109816 IDENTITY CONFIRMED in returned text · 435 U.S. 268 (1978), No. 76-1151, decided 1978-03-21 (Rehnquist, J.; Burger concur in judgment; Marshall & Brennan dissent; Blackmun took no part). HOLDING: live-witness testimony far less readily suppressed as fruit than inanimate evidence; exclusionary rule invoked with "much greater reluctance" where the fruit is a willing live witness; attenuation weighs witness free will, non-use of illegal evidence in questioning, time elapsed, officer purpose. quotes *280 "the exclusionary rule should be invoked with much greater reluctance where the claim is based on a causal relationship between a constitutional violation and the discovery of a live witness than when a similar claim is advanced to support suppression of an inanimate object"; *279-280 "The evidence indicates overwhelmingly that the testimony given by the witness was an act of her own free will in no way coerced or even induced by official authority as a result of Biro's discovery of the policy slips"; *280 "The cost of permanently silencing Hennessey is too great for an evenhanded system of law enforcement to bear...negligible deterrent effect". good law (Wong Sun/Nardone attenuation line; modern Strieff). home=[[The Exclusionary Rule]] Key—Progeny(attenuation) (single; queue concordant).
1782980400 · [S5-B7 #2] search x1 + search_document("independent of any official misconduct"->0; "independent source"->4; "three distinct elements"->1) x3 + read_document[chunk1] x1 · ok · United States v. Crews · cluster 110230 -> lead/combined opinion 110230 (Brennan, J., except Part II-D; Powell & White concur) IDENTITY CONFIRMED · 445 U.S. 463 (1980), No. 78-777, decided 1980-03-25. HOLDING: victim's in-court ID not a suppressible fruit of defendant's illegal arrest where its three elements (victim presence, ability to reconstruct/identify, defendant's own presence) have an independent source antedating the misconduct. quotes *471 "A victim's in-court identification of the accused has three distinct elements...none of these three elements 'has been come at by exploitation' of the violation of the defendant's Fourth Amendment rights" (quoting Wong Sun 371 U.S. 488); *472 victim's presence "not traceable to any Fourth Amendment violation...identity was known long before there was any official misconduct"; *473 "the victim's capacity to identify her assailant in court neither resulted from nor was biased by the unlawful police conduct committed long after she had developed that capacity"; *474 defendant cannot "claim immunity from prosecution simply because his appearance in court was precipitated by an unlawful arrest". NB pretrial photo+lineup IDs conceded suppressible; only in-court ID at issue. good law. home=[[The Exclusionary Rule]] Key—Progeny(independent source) + [[Eyewitness Identification]] Related (queue concordant).
1782980800 · [S5-B7 #3] search x1 + search_document("intrudes so severely") x1 + read_document[chunk4] x1 · ok · Dunaway v. New York · cluster 110096 -> lead/combined opinion 110096 (Brennan, J.; White & Stevens concur; Rehnquist & Burger dissent) IDENTITY CONFIRMED (decides Q reserved in Morales: custodial questioning on less than PC) · 442 U.S. 200 (1979), No. 78-5066, decided 1979-06-05. HOLDING: involuntary transport+station-house detention for custodial interrogation on less than PC is a seizure tantamount to arrest requiring PC (no Terry-balancing); resulting confession is fruit of the illegal seizure, NOT attenuated by Miranda warnings alone; voluntariness only "threshold," then Brown v. Illinois factors govern. quotes *216 "detention for custodial interrogation-regardless of its label-intrudes so severely on interests protected by the Fourth Amendment as necessarily to trigger the traditional safeguards against illegal arrest...the Rochester police violated the Fourth and Fourteenth Amendments when, without probable cause, they seized petitioner and transported him to the police station for interrogation"; *217 "Miranda warnings, and the exclusion of a confession made without them, do not alone sufficiently deter a Fourth Amendment violation" (quoting Brown 422 U.S. 601); *218 Brown factors "temporal proximity...intervening circumstances...purpose and flagrancy of the official misconduct"; *218 application "seized without probable cause in the hope that something might turn up...without any intervening event of significance". good law (foundational; Kaupp per curiam applies it). home=[[Seizure of the Person]] Key—Progeny + [[The Exclusionary Rule]] Related + [[Miranda and Custodial Interrogation]] Related (N1: lead=seizure-threshold holding; queue concordant, triple home retained).
1782981400 · [S5-B7 #4] search x1 + search_document("break the causal connection") x1 [TRANSIENT: first search_document hit "Anthropic proxy: MCP server connection lost" (NOT old-5/min throttle, no "Request was throttled"); per RUNBOOK §3 did non-CL awk spacer + backoff, RETRIED within turn -> OK; lane recovered] + read_document[chunk1] x1 · ok · Taylor v. Alabama · cluster 110760 -> lead/combined opinion 110760 (Marshall, J.; O'Connor/Burger/Powell/Rehnquist dissent) IDENTITY CONFIRMED ("whether petitioner's confession should have been suppressed as the fruit of an illegal arrest...inconsistent with Dunaway and Brown") · 457 U.S. 687 (1982), No. 81-5152, decided 1982-06-23. HOLDING: confession after warrantless arrest w/o PC suppressed as fruit; ~6hr gap + 3x Miranda + girlfriend visit + ex parte warrant (built on illegally-taken fingerprints, themselves fruit per Davis v. Mississippi) did NOT attenuate; State failed burden. quotes *690 "a confession obtained through custodial interrogation after an illegal arrest should be excluded unless intervening events break the causal connection...sufficiently an act of free will to purge the primary taint" (quoting Brown 422 U.S. 602 / Wong Sun); *690 voluntariness "merely a threshold requirement"; Miranda not a "talisman that cured all Fourth Amendment violations...form of words"; *691 "Petitioner was arrested without probable cause in the hope that something would turn up, and he confessed shortly thereafter without any meaningful intervening event"; *693 fingerprints "themselves the fruit of petitioner's illegal arrest". good law. N1 PRUNE+FLAG: dropped queue 2nd home [[Due-Process Voluntariness of Confessions]] (MISMATCH - holding is 4A fruits/attenuation; confession conceded 5A-voluntary, case teaches voluntariness != attenuation, NOT a voluntariness rule). RE-HOMED 2nd to [[Seizure of the Person]] (illegal-arrest ratio, parallel to siblings Dunaway/Kaupp/Brown). home=[[The Exclusionary Rule]] Key—Progeny(attenuation) + [[Seizure of the Person]] Related.
1782982000 · [S5-B7 #5] search x1 + search_document("submission to a claim of lawful authority") x1 + read_document[chunk1] x1 · ok · Kaupp v. Texas · cluster/opinion 127919 PER CURIAM IDENTITY CONFIRMED ("confession obtained by exploitation of an illegal arrest") · 538 U.S. 626 (2003), No. 02-5636, decided 2003-05-05. HOLDING: 3am removal of 17yo from bed, handcuffed/in underwear, transported to scene+station for interrogation w/o PC = arrest requiring PC; "Okay" = mere submission not consent (objective test; safety rationale + non-resistance irrelevant); confession suppressed unless State proves taint purged (remand). quotes *630 "Such involuntary transport to a police station for questioning is 'sufficiently like arres[t] to invoke the traditional rule that arrests may constitutionally be made only on probable cause'" (quoting Hayes 470 U.S. 816); *631 "A 17-year-old boy was awakened in his bedroom at three in the morning by at least three police officers...taken out in handcuffs, without shoes, dressed only in his underwear in January...even more starkly than the facts in Dunaway"; *631 "'Okay'...no showing of consent...a mere submission to a claim of lawful authority" (Royer 497); *632-633 "well-established precedent requires suppression of the confession unless that confession was 'an act of free will [sufficient] to purge the primary taint of the unlawful invasion'" (Wong Sun 486), burden on State. good law. home=[[Seizure of the Person]] Key—Progeny + [[The Exclusionary Rule]] Related + [[Miranda and Custodial Interrogation]] Related (queue concordant, triple home; N1 lead=arrest/seizure holding).
1782982600 · [S5-B7 #6] search x1 + search_document("core of the Fourth Amendment") x1 + search_document("does not forbid the admission of evidence") x1 · ok · Wolf v. Colorado · cluster/combined opinion 104709 (Frankfurter, J.; Black concur; Douglas/Murphy/Rutledge dissent) IDENTITY CONFIRMED · 338 U.S. 25 (1949), Nos. 17 & 18, decided 1949-06-27. FOIL. HOLDING (two parts): (1) 4A's core security against arbitrary police intrusion enforceable vs States via 14A Due Process [SURVIVED]; (2) Weeks exclusionary rule NOT commanded of the States [OVERRULED by Mapp]. quotes *27-28 "The security of one's privacy against arbitrary intrusion by the police-which is at the core of the Fourth Amendment-is basic to a free society. It is therefore implicit in 'the concept of ordered liberty' and as such enforceable against the States through the Due Process Clause"; *33 "in a prosecution in a State court for a State crime the Fourteenth Amendment does not forbid the admission of evidence obtained by an unreasonable search and seizure". TREATMENT = OVERRULED on remedy by Mapp v. Ohio 367 U.S. 643 (1961); authority_weight = Historical (tier 6, N2 overruled-shown-as-history); by=[[Mapp v. Ohio]]. incorporation half survived. home=[[The Exclusionary Rule]] Key—Historical(overruled by Mapp on remedy) (single; queue concordant). related Mapp/Weeks/Elkins (Rochin v. California pruned-MISSING page).
1782983200 · [S5-B7 #7] search x1 (2 clusters: canonical 218926 + Lexis-dup 7345713) + search_document(218926 "objectively reasonable reliance..."->0; 218926 "binding appellate precedent"->7) x2 + search_document(7263677 lexis "objectively reasonable reliance"->5; "reasonable officer would and should act"->1) x2 · ok · Davis v. United States (2011) · canonical cluster/combined opinion 218926 (Alito, J.; Sotomayor concur in judgment; Breyer & Ginsburg dissent) IDENTITY CONFIRMED (good-faith reliance on Belton-era 11th Cir precedent; Breyer dissent cites Gant) · 564 U.S. 229 (2011), No. 09-11328, decided 2011-06-16. YEAR-SUFFIX REQUIRED collision w/ existing "Davis v. United States.md" (1994 Miranda invocation); file="Davis v. United States (2011).md"; NO bare alias (bare stem already owned by 1994 page -> bare [[Davis v. United States]] resolves to 1994; 2011 reached via year-suffixed stem). HOLDING: exclusionary rule inapplicable to a search conducted in objectively reasonable reliance on binding appellate precedent later overruled (no culpable misconduct to deter). NB combined opinion 218926 is SLIP-paginated (Ante,at-1 refs); used Lexis copy 7263677 [564 U.S. NNN] brackets for U.S.-Reports pinpoints. quotes 564 U.S. 232 "we hold that searches conducted in objectively reasonable reliance on binding appellate precedent are not subject to the exclusionary rule"; 564 U.S. 249-250 "when the police conduct a search in objectively reasonable reliance on binding appellate precedent, the exclusionary rule does not apply...affirmed"; 241 "act as a reasonable officer would and should act" (restated in Application, not quoted - exact U.S. page not bracketed in returned text, kept clean per L1). good law (extends Leon/Krull/Herring). home=[[The Exclusionary Rule]] Key—Progeny(good faith) (single; queue concordant).
1782983800 · [S5-B7 #8] search x1 + search_document("supervisory power does not authorize") x1 + read_document[chunk2] x1 · ok · United States v. Payner · cluster/combined opinion 110317 (Powell, J.; Burger concur; Marshall/Brennan/Blackmun dissent) IDENTITY CONFIRMED ("whether the District Court properly suppressed the fruits of an unlawful search that did not invade the respondent's Fourth Amendment rights") · 447 U.S. 727 (1980), No. 78-1729, decided 1980-06-23. HOLDING: federal supervisory power may NOT suppress evidence seized unlawfully from a third party (IRS "briefcase caper" vs banker Wolstencroft) at instance of defendant lacking 4A standing; standing limits (Rakas/Alderman) cannot be circumvented via supervisory power even given deliberate/flagrant Gov't misconduct. quotes *735 "the supervisory power does not authorize a federal court to suppress otherwise admissible evidence on the ground that it was seized unlawfully from a third party not before the court...the interest in deterring illegal searches does not justify the exclusion of tainted evidence at the instance of a party who was not the victim of the challenged practices" (Rakas 439 U.S. 137; Alderman 394 U.S. 174-175); *736 "The values assigned to the competing interests do not change because a court has elected to analyze the question under the supervisory power instead of the Fourth Amendment"; *737 "confer on the judiciary discretionary power to disregard the considered limitations of the law it is charged with enforcing...does not extend so far". good law. home=[[Standing to Challenge a Search]] Key—Progeny (single; queue concordant). Stone v. Powell pruned-MISSING.
1782984400 · [S5-B7 #9] search x1 + search_document("coconspirator exception") x1 + read_document[chunk1] x1 · ok · United States v. Padilla · cluster/opinion 112856 PER CURIAM IDENTITY CONFIRMED (rejects 9th Cir "coconspirator exception") · 508 U.S. 77 (1993), No. 92-207, decided 1993-05-03. HOLDING: no coconspirator exception to 4A standing; supervisory role / joint control over conspiracy property does NOT confer standing; only personal privacy or property interest invaded does. quotes *82 (quoting Alderman 394 U.S. 171-172) "suppression of the product of a Fourth Amendment violation can be successfully urged only by those whose rights were violated by the search itself, not by those who are aggrieved solely by the introduction of damaging evidence. Co-conspirators and codefendants have been accorded no special standing"; *82 "Expectations of privacy and property interests govern the analysis...Participants in a criminal conspiracy may have such expectations or interests, but the conspiracy itself neither adds to nor detracts from them"; roles (communication link / in charge of transportation) "no bearing on their respective Fourth Amendment rights"; remanded for individualized interest determinations. good law. home=[[Standing to Challenge a Search]] Key—Progeny (single; queue concordant).
1782985000 · [S5-B7 #10] search x1 + search_document("personal rights which") x1 + read_document[chunk1] x1 · ok · Alderman v. United States · cluster/combined opinion 107872 (White, J.; Harlan & Fortas concur/dissent in part) IDENTITY CONFIRMED (electronic surveillance + standing) · 394 U.S. 165 (1969), No. 133, decided 1969-03-10. ANCHOR. HOLDING: 4A standing is personal; only one whose own rights were violated by the search/surveillance may suppress; coconspirators/codefendants no special standing; also ordered disclosure of surveillance records of defendant's own conversations/premises for adversary hearing. quotes *171-172 "suppression of the product of a Fourth Amendment violation can be successfully urged only by those whose rights were violated by the search itself, not by those who are aggrieved solely by the introduction of damaging evidence. Coconspirators and codefendants have been accorded no special standing"; *174 "Fourth Amendment rights are personal rights which, like some other constitutional rights, may not be vicariously asserted"; *174 "There is no necessity to exclude evidence against one defendant in order to protect the rights of another". good law (Rakas 1978 recast standing as substantive REP merits but REAFFIRMED personal-rights principle; not overruled). home=[[Standing to Challenge a Search]] Key—Anchor (single; queue concordant). related Rakas/Jones v. US/Mancusi(this batch)/Simmons(this batch)/Payner(this batch).
1782985600 · [S5-B7 #11] search x1 + search_document("could reasonably have expected") x1 + read_document[chunk1] x1 · ok · Mancusi v. DeForte · cluster/combined opinion 107745 (Harlan, J.; Black/Stewart & White dissent) IDENTITY CONFIRMED (Teamsters VP DeForte, search of union office, standing) · 392 U.S. 364 (1968), No. 844, decided 1968-06-17. HOLDING: union official has 4A standing/REP in office shared with other officials; capacity to claim 4A depends on REP in area, not property right (applies Katz to standing); warrantless seizure on bare DA subpoena unreasonable. quotes *368 "capacity to claim the protection of the Amendment depends not upon a property right in the invaded place but upon whether the area was one in which there was a reasonable expectation of freedom from governmental intrusion" (Katz 389 U.S. 352); *369 "We hold that in these circumstances DeForte had Fourth Amendment standing to object to the admission of the papers at his trial"; *369 "DeForte still could reasonably have expected that only those persons and their personal or business guests would enter the office, and that records would not be touched except with their permission or that of union higher-ups". good law (workplace-REP result survives; Rakas 1978 abandoned broad 'legitimately on premises' Jones formula + recast standing as substantive REP, but did NOT disturb this holding; underlies O'Connor v. Ortega). home=[[Standing to Challenge a Search]] Key—Progeny (single; queue concordant).
1782986200 · [S5-B7 #12] search x1 + search_document("very substantial likelihood of irreparable misidentification") x1 + search_document("may not thereafter be admitted against him at trial") x1 + read_document[chunks 1,3] x1 · ok · Simmons v. United States · cluster/combined opinion 107636 (Harlan, J.; Black & White concur/dissent in part; Marshall took no part) IDENTITY CONFIRMED (armed robbery; photo-ID suggestiveness + suppression-testimony) · 390 U.S. 377 (1968), No. 55, decided 1968-03-18. TWO HOLDINGS: (1) photo-array due-process standard; (2) suppression-hearing standing testimony immunized at trial-on-guilt. quotes *384 "convictions based on eyewitness identification at trial following a pretrial identification by photograph will be set aside on that ground only if the photographic identification procedure was so impermissibly suggestive as to give rise to a very substantial likelihood of irreparable misidentification"; *394 "we find it intolerable that one constitutional right should have to be surrendered in order to assert another. We therefore hold that when a defendant testifies in support of a motion to suppress evidence on Fourth Amendment grounds, his testimony may not thereafter be admitted against him at trial on the issue of guilt unless he makes no objection". Application: Simmons claim failed (well-lit bank, 5min view, 6+ photos next day, no suggestion -> affirmed); Garrett's suitcase-ownership suppression testimony immunized -> reversed. star pages *384/*394 CONFIRMED via chunk read. good law (Simmons standard -> Biggers/Manson; testimony immunity intact). N6 ELEVATION: queue had [[Standing]] as Related; homed BOTH as Key (each holding genuinely central on its doctrine page). home=[[Eyewitness Identification]] Key—Progeny + [[Standing to Challenge a Search]] Key—Progeny.
1782986800 · [S5-B7 #13] search x1 + search_document("shield against contradiction") x1 + read_document(full) x1 · ok · Walder v. United States · cluster/combined opinion 105188 (Frankfurter, J.; Black & Douglas dissent) IDENTITY CONFIRMED (narcotics; suppressed heroin used to impeach) · 347 U.S. 62 (1954), No. 121, decided 1954-02-01. HOLDING: impeachment exception ORIGIN - illegally seized evidence (inadmissible in case in chief) may impeach a defendant who on his OWN DIRECT makes a sweeping affirmative assertion beyond denying the charged offense; exclusionary rule is a shield, not a license for perjury; door must be opened by defendant's direct (Agnello distinguished - gov't may not smuggle via its own cross). quotes *65 "the defendant can turn the illegal method...to his own advantage, and provide himself with a shield against contradiction of his untruths. Such an extension of the Weeks doctrine would be a perversion of the Fourth Amendment"; *65 "He must be free to deny all the elements of the case against him without thereby giving leave to the Government to introduce by way of rebuttal evidence illegally secured by it...there is hardly justification for letting the defendant affirmatively resort to perjurious testimony in reliance on the Government's disability to challenge his credibility"; *66 Agnello contrast. good law (extended Harris v. New York/Havens; cabined James v. Illinois). N1 ROLE: queue had "Related"; ELEVATED to Key—Anchor(impeachment exception) (originates the doctrine). home=[[The Exclusionary Rule]] Key—Anchor(impeachment exception). Harris v. New York pruned-MISSING (Batch L).
1782987400 · [S5-B7 #14] search x1 + search_document("reasonably suggested by the defendant's direct examination") x1 + read_document[chunk2] x1 · ok · United States v. Havens · cluster/combined opinion 110267 (White, J.; Brennan/Marshall/Stewart/Stevens dissent) IDENTITY CONFIRMED (suppressed T-shirt used to impeach false trial testimony given on cross) · 446 U.S. 620 (1980), No. 79-305, decided 1980-05-27. HOLDING: impeachment exception extends to false statements first elicited on CROSS-examination that is reasonably suggested by defendant's direct; illegally seized evidence may impeach but not be substantive proof of guilt. quotes *627 "we see no difference of constitutional magnitude between the defendant's statements on direct examination and his answers to questions put to him on cross-examination that are plainly within the scope of the defendant's direct examination"; *627-628 "we...hold that a defendant's statements made in response to proper cross-examination reasonably suggested by the defendant's direct examination are subject to otherwise proper impeachment by the government, albeit by evidence that has been illegally obtained and that is inadmissible on the government's direct case, or otherwise, as substantive evidence of guilt". Application: Havens' direct denial of "that kind of activity with McLeroth" opened the T-shirt cross; 5th Cir's direct-only rule rejected. good law (extends Walder; James v. Illinois declines to extend to other defense witnesses). home=[[The Exclusionary Rule]] Key—Progeny(impeachment exception) (single; queue concordant). Harris v. New York/Oregon v. Hass not linked (MISSING/no page).
1782988000 · [S5-B7 #15] search x1 + search_document("decline to extend"->0; "deterrent effect"->7) x2 + read_document[chunk2] x1 · ok · James v. Illinois · cluster/combined opinion 112350 (Brennan, J.; Stevens concur; Kennedy/Rehnquist/O'Connor/Scalia dissent) IDENTITY CONFIRMED (impeachment exception not extended to all defense witnesses) · 493 U.S. 307 (1990), No. 88-6075, decided 1990-01-10. HOLDING: impeachment exception confined to defendant's OWN testimony; prosecution may NOT use illegally obtained evidence to impeach OTHER defense witnesses (would chill calling witnesses + significantly weaken deterrence). Facts: James' illegally-obtained statements (dyed reddish->black hair) used to impeach defense witness Henderson -> reversed. quotes *313-314 "expanding the class of impeachable witnesses from the defendant alone to all defense witnesses...would not promote the truth-seeking function to the same extent...and yet it would significantly undermine the deterrent effect of the general exclusionary rule"; *317 "defendants ought not be able to 'pervert' the exclusion...into a shield for perjury, but it seems no more appropriate for the State to brandish such evidence as a sword with which to dissuade defendants from presenting a meaningful defense through other witnesses...does not apply to other witnesses with equal force"; *320 "we hold that the Illinois Supreme Court erred...use of illegally obtained statements to impeach a defense witness' testimony...reversed". good law (limits Walder/Havens). home=[[The Exclusionary Rule]] Key—Limiting(impeachment exception) (single; queue concordant). Harris v. New York pruned-MISSING.
1782988600 · [S5-B7 #16] search(full name->0) x1 + search(citation 524 U.S. 357->4) x1 + search_document("declined to extend the exclusionary rule") x1 + read_document[chunk1] x1 · ok · Pennsylvania Board of Probation and Parole v. Scott · cluster/combined opinion 118235 (Thomas, J.; Rehnquist/O'Connor/Scalia/Kennedy; Stevens & Souter/Ginsburg/Breyer dissent) IDENTITY CONFIRMED ("whether the exclusionary rule...applies in parole revocation hearings. We hold that it does not."; respondent Keith M. Scott) · 524 U.S. 357 (1998), No. 97-581, decided 1998-06-22. CL caption "Pennsylvania Bd. of Probation and Parole v. Scott" -> alias; title uses full "Board" form (queue stem). NO collision w/ Scott v. Harris (distinct stem). HOLDING: federal exclusionary rule does NOT bar evidence at parole-revocation hearings (prudential cost-benefit; minimal marginal deterrence vs flexible administrative nature). quotes *363 "a Fourth Amendment violation is 'fully accomplished' by the illegal search or seizure, and no exclusion of evidence from a judicial or administrative proceeding can 'cure the invasion of the defendant's rights which he has already suffered'" (Leon 906); *363 "applies only in contexts 'where its remedial objectives are thought most efficaciously served'...repeatedly declined to extend the exclusionary rule to proceedings other than criminal trials"; *364 "We therefore hold that the federal exclusionary rule does not bar the introduction at parole revocation hearings of evidence seized in violation of parolees' Fourth Amendment rights". good law (Calandra/Janis/Lopez-Mendoza line). home=[[The Exclusionary Rule]] Key—Limiting + [[Special Needs and Administrative Searches]] Related (queue concordant). INS v. Lopez-Mendoza/Stone v. Powell mentioned-not-linked (MISSING).
1782989200 · [S5-B7 #17] search x1 + search_document("outweighs the societal costs imposed by the exclusion") x1 + read_document[chunk3] x1 · ok · United States v. Janis · cluster/combined opinion 109539 (Blackmun, J.; Brennan/Marshall & Stewart dissent) IDENTITY CONFIRMED (state-seized evidence in federal civil wagering-tax proceeding) · 428 U.S. 433 (1976), No. 74-958, decided 1976-07-06. HOLDING: exclusionary rule does NOT bar state-officer-unlawfully-seized evidence in a federal civil (tax) proceeding; intersovereign marginal deterrence does not outweigh substantial social costs. quotes *454 "the additional marginal deterrence provided by forbidding a different sovereign from using the evidence in a civil proceeding surely does not outweigh the cost to society of extending the rule to that situation. If, on the other hand, the exclusionary rule does not result in appreciable deterrence, then, clearly, its use in the instant situation is unwarranted"; *454 "exclusion from federal civil proceedings of evidence unlawfully seized by a state criminal enforcement officer has not been shown to have a sufficient likelihood of deterring the conduct of the state police so that it outweighs the societal costs imposed by the exclusion. This Court, therefore, is not justified in so extending the exclusionary rule". state officer already deterred by state+federal criminal exclusion. good law (Calandra/Leon/Scott line). home=[[The Exclusionary Rule]] Key—Limiting (single; queue concordant). INS v. Lopez-Mendoza/Stone v. Powell mentioned-not-linked (MISSING).
1782989800 · [S5-B7 #18] search x1 + search_document("unfettered exercise of his own will") x1 + read_document[chunks 1,2] x1 · ok · Malloy v. Hogan · cluster/combined opinion 106862 (Brennan, J.; Harlan/Clark & White/Stewart dissent) IDENTITY CONFIRMED (reconsiders Twining/Adamson; 5A privilege vs States) · 378 U.S. 1 (1964), No. 110, decided 1964-06-15. HOLDING: 5A privilege against self-incrimination incorporated vs States via 14A by SAME standard as federal (overrules Twining/Adamson on this point); no "watered-down" version. quotes *6 "We hold today that the Fifth Amendment's exception from compulsory self-incrimination is also protected by the Fourteenth Amendment against abridgment by the States"; *8 "The Fourteenth Amendment secures against state invasion the same privilege that the Fifth Amendment guarantees against federal infringement-the right of a person to remain silent unless he chooses to speak in the unfettered exercise of his own will, and to suffer no penalty...for such silence"; *10-11 not "a 'watered-down, subjective version of the individual guarantees of the Bill of Rights'". good law (foundational; predicate for Miranda; harmonized confession-voluntariness w/ 5A; cites Mapp overruling Wolf). home=[[Due-Process Voluntariness of Confessions]] Key—Anchor + [[Miranda and Custodial Interrogation]] Related (queue concordant). Twining/Adamson/Griffin v. California mentioned-not-linked (MISSING). === BATCH 7 COMPLETE: 18/18 authored, 0 escalations, single serial CL lane throughout. ===
1782950400 · [S5-B8 #1] search(Corley v. United States, 556 U.S. 303) x1 + search_document("without supplanting it") x1 + search_document("prompt presentment") x1 + read_document[chunk1,chunk5] x2 · ok · Corley v. United States · opinion 145888 · 556 U.S. 303 (2009), No. 07-10441, decided 2009-04-06 (Souter, J.; Alito, J. dissenting). HOLDING: 18 U.S.C. §3501 modified but did not supplant McNabb-Mallory; federal confession before presentment & beyond 6 hrs must be suppressed if presentment delay unreasonable/unnecessary. quotes p.309 "the rule known simply as McNabb-Mallory 'generally render[s] inadmissible confessions made during periods of detention that violat[e] the prompt presentment requirement of Rule 5(a)'" (quoting Alvarez-Sanchez 511 U.S. 350, 354); p.322 "We hold that §3501 modified McNabb-Mallory without supplanting it...If the confession occurred before presentment and beyond six hours...the court must decide whether delaying that long was unreasonable or unnecessary...and if it was, the confession is to be suppressed". good law (federal Rule 5(a)/§3501 rule, not constitutional/states). home=[[Due-Process Voluntariness of Confessions]] Progeny; [[Miranda and Custodial Interrogation]] Related
1782950760 · [S5-B8 #2] search(Rogers v. Richmond, 365 U.S. 534) x1 + search_document("disregard...spoke the truth") x1 + search_document("accusatorial and not an inquisitorial") x1 · ok · Rogers v. Richmond · opinion 106192 · 365 U.S. 534 (1961), No. 40, decided 1961-03-20 (Frankfurter, J.). HOLDING: confession voluntariness under Due Process turns solely on coercion overbearing the will; probable truth/reliability is irrelevant; a voluntariness standard that weighs reliability is constitutionally invalid. quotes p.540-541 "convictions following the admission...of confessions which are involuntary, i.e., the product of coercion...cannot stand. This is so not because such confessions are unlikely to be true but because the methods used to extract them offend an underlying principle...that ours is an accusatorial and not an inquisitorial system"; p.544 "question whether the behavior of the State's law enforcement officials was such as to overbear petitioner's will...a question to be answered with complete disregard of whether or not petitioner in fact spoke the truth". good law. home=[[Due-Process Voluntariness of Confessions]] Progeny
1782951120 · [S5-B8 #3] search(Lynumn v. Illinois, 372 U.S. 528) x1 + search_document("must be deemed not voluntary") x1 + read_document[chunk1] x1 · ok · Lynumn v. Illinois · opinion 106558 · 372 U.S. 528 (1963), No. 9, decided 1963-03-25 (Stewart, J.). HOLDING: confession coerced/involuntary where police threatened to cut off ADC aid and take suspect's children unless she cooperated; person w/ no criminal-law experience, no adviser, encircled by officers. quotes p.534 "the petitioner's oral confession was made only after the police had told her that state financial aid for her infant children would be cut off, and her children taken from her, if she did not 'cooperate.'...a confession made under such circumstances must be deemed not voluntary, but coerced...whether the defendant's will was overborne at the time he confessed"; p.534 "the confession cannot be deemed 'the product of a rational intellect and a free will'" (quoting Blackburn v. Alabama 361 U.S. 199, 208). good law. home=[[Due-Process Voluntariness of Confessions]] Progeny
1782951480 · [S5-B8 #4] search(Beecher v. Alabama, 389 U.S. 35) x1 + search_document("product of gross coercion") x1 + read_document[chunk0] x1 · ok · Beecher v. Alabama · opinion 107526 · 389 U.S. 35 (1967), No. 92 Misc., decided 1967-10-23 (per curiam; Black, J. concurring on 5A grounds). HOLDING: confession at gunpoint from wounded suspect threatened w/ death + 2nd statement signed 5 days later while on morphine/in intense pain = product of gross coercion, involuntary; no conviction tainted by such confession can stand. quotes p.38 "this petitioner's confessions were the product of gross coercion. Under the Due Process Clause...no conviction tainted by a confession so obtained can stand"; p.38 "no break in the stream of events" (quoting Clewis v. Texas 386 U.S. 707, 710). good law (per curiam). NOTE: distinct from Beecher v. Alabama 408 U.S. 234 (1972) (Beecher II, retrial). home=[[Due-Process Voluntariness of Confessions]] Progeny
1782951840 · [S5-B8 #5] search(Haynes v. Washington, 373 U.S. 503) x1 + search_document("atmosphere of substantial coercion and inducement") x1 + read_document[chunk2] x1 · ok · Haynes v. Washington · opinion 106625 · 373 U.S. 503 (1963), No. 147, decided 1963-05-27 (Goldberg, J.; 5-4). HOLDING: written confession obtained in atmosphere of substantial coercion/inducement — incommunicado detention + express threat of continued isolation + promise of contact w/ family conditioned on signing — is involuntary under totality, inadmissible (14A). quotes p.513 "the petitioner's written confession was obtained in an atmosphere of substantial coercion and inducement created by statements and actions of state authorities"; p.514 "Confronted with the express threat of continued incommunicado detention and induced by the promise of communication with and access to family, Haynes understandably chose to...sign...that choice cannot be said to be the voluntary product of a free and unconstrained will"; p.514-515 "the secret and incommunicado detention and interrogation—are devices adapted and used to extort confessions". cites Lynumn 372 U.S. 528, 534. good law. home=[[Due-Process Voluntariness of Confessions]] Progeny
1782952200 · [S5-B8 #6] search(Townsend v. Sain, 372 U.S. 293) x1 + search_document("truth serum") x1 · ok · Townsend v. Sain · opinion 106544 · 372 U.S. 293 (1963), No. 8, decided 1963-03-18 (Warren, C.J.). HOLDING (homed): drug/'truth serum'-induced confession (hyoscine=scopolamine) not the product of a free intellect is involuntary/inadmissible regardless of who administered it or its reliability. quotes p.307-308 "If an individual's 'will was overborne' or if his confession was not 'the product of a rational intellect and a free will,' his confession is inadmissible because coerced...equally applicable to a drug-induced statement...Any questioning by police officers which in fact produces a confession which is not the product of a free intellect renders that confession inadmissible"; p.308 n.5 "whether scopolamine produces true confessions or false confessions, if it in fact caused Townsend to make statements, those statements were constitutionally inadmissible". TREATMENT/SR-5 FLAG: separate federal-habeas evidentiary-hearing holding (Townsend circumstances/deliberate-bypass) ABROGATED by Keeney v. Tamayo-Reyes 504 U.S. 1 (1992) + superseded by AEDPA §2254(e)(2); voluntariness holding remains good law (home-by-holding N1). home=[[Due-Process Voluntariness of Confessions]] Progeny
1782952560 · [S5-B8 #7] search(Lego v. Twomey, 404 U.S. 477) x1 + search_document("preponderance of the evidence that the confession was voluntary") x1 · ok · Lego v. Twomey · opinion 108429 · 404 U.S. 477 (1972), No. 70-5037, decided 1972-01-12 (White, J.; Brennan/Douglas/Marshall dissent). HOLDING: prosecution need prove confession voluntariness only by a preponderance (not beyond reasonable doubt); defendant not entitled to have jury redetermine voluntariness after judge ruled; states may adopt higher standard. quote p.489 "he is entitled to a reliable and clear-cut determination that the confession was in fact voluntarily rendered. Thus, the prosecution must prove at least by a preponderance of the evidence that the confession was voluntary. Of course, the States are free, pursuant to their own law, to adopt a higher standard". good law (extended to Miranda waiver in Colorado v. Connelly). home=[[Due-Process Voluntariness of Confessions]] Progeny
1782952920 · [S5-B8 #8] search(Mallory v. United States, 354 U.S. 449) x1 + search_document("without unnecessary delay") x1 + read_document[chunk1] x1 · ok · Mallory v. United States · opinion 105545 · 354 U.S. 449 (1957), No. 521, decided 1957-06-24 (Frankfurter, J., unanimous). HOLDING: confession obtained during unnecessary presentment delay (Fed. R. Crim. P. 5(a)) inadmissible in federal prosecution; delay to extract a confession = unnecessary delay. quotes p.454 "he is not to be taken to police headquarters in order to carry out a process of inquiry that lends itself...to eliciting damaging statements"; p.455 "the command does not call for mechanical or automatic obedience...But the delay must not be of a nature to give opportunity for the extraction of a confession". Reversed and remanded. good law; federal Rule 5(a) rule; later modified (not supplanted) by §3501 six-hour safe harbor per Corley. home=[[Due-Process Voluntariness of Confessions]] Anchor
1782953280 · [S5-B8 #9] search(McNabb v. United States, 318 U.S. 332) x1 + search_document("duty of courts as agencies of justice") x1 + search_document("flagrant disregard of the procedure which Congress has commanded") x1 · ok · McNabb v. United States · opinion 103791 · 318 U.S. 332 (1943), No. 25, decided 1943-06-07 (Frankfurter, J.). HOLDING: under federal supervisory power (not Constitution), confessions obtained during prolonged detention in flagrant disregard of statutory prompt-presentment duty are inadmissible in federal court. quotes p.345 "a conviction resting on evidence secured through such a flagrant disregard of the procedure which Congress has commanded cannot be allowed to stand without making the courts themselves accomplices in wilful disobedience of law...would stultify the policy which Congress has enacted into law"; p.347 "a decent regard for the duty of courts as agencies of justice and custodians of liberty forbids that men should be convicted upon evidence secured under the circumstances revealed here...The history of liberty has largely been the history of observance of procedural safeguards". Reversed. good law; 'McNabb' half of McNabb-Mallory; federal supervisory/Rule 5(a) rule, modified not supplanted by §3501 per Corley. home=[[Due-Process Voluntariness of Confessions]] Anchor
1782953640 · [S5-B8 #10] search(Florida v. Powell, 559 U.S. 50) x1 + search_document("not dictated the words") x1 + search_document("but at all times") x1 + read_document[chunk4,chunk5] x2 · ok · Florida v. Powell · opinion 1736 · 559 U.S. 50 (2010), No. 08-1175, decided 2010-02-23 (Ginsburg, J.; Stevens dissenting). HOLDING: Miranda warnings need not use precise words; 4 warnings substantively invariable but test is whether warnings reasonably convey suspect's rights; Tampa warnings ("right to talk to a lawyer before answering" + "use any of these rights at any time during this interview") adequately conveyed right to counsel during interrogation. quotes p.60 "The four warnings Miranda requires are invariable, but this Court has not dictated the words in which the essential information must be conveyed...The inquiry is simply whether the warnings reasonably 'conve[y] to [a suspect] his rights as required by Miranda'" (quoting Duckworth 492 U.S. 195, 203 / Prysock 453 U.S. 355, 361); p.62 "In combination, the two warnings reasonably conveyed Powell's right to have an attorney present, not only at the outset of interrogation, but at all times". good law. NOTE: Prysock/Duckworth named in italics (later-batch, no page yet). home=[[Miranda and Custodial Interrogation]] Progeny
1782954000 · [S5-B8 #11] search(Arizona v. Mauro, 481 U.S. 520) x1 + search_document("interrogate a suspect simply by hoping") x1 + read_document[chunk2] x1 · ok · Arizona v. Mauro · opinion 111878 · 481 U.S. 520 (1987), No. 85-2121, decided 1987-06-26 (Powell, J.; Stevens dissenting 4). HOLDING: allowing a suspect who invoked Miranda to speak w/ his wife w/ an officer present + recorder running is NOT interrogation or its functional equivalent (Innis); officers don't interrogate by hoping suspect incriminates himself; volunteered statements admissible. quotes p.527-528 "Mauro was not interrogated...There is no evidence that the officers sent Mrs. Mauro in to see her husband for the purpose of eliciting incriminating statements"; p.529 "Officers do not interrogate a suspect simply by hoping that he will incriminate himself...Mauro was not subjected to compelling influences, psychological ploys, or direct questioning". good law. home=[[Miranda and Custodial Interrogation]] Progeny (interrogation)
1782954360 · [S5-B8 #12] search(Pennsylvania v. Bruder, 488 U.S. 9) x1 + search_document("Berkemer") x1 · ok · Pennsylvania v. Bruder · opinion 112152 · 488 U.S. 9 (1988), No. 88-161, decided 1988-10-31 (per curiam; Marshall/Stevens dissent). HOLDING: ordinary roadside DUI questioning during a routine traffic stop is non-custodial; no Miranda warnings required before arrest; roadside responses admissible (applies Berkemer). quotes p.10 "persons temporarily detained pursuant to such stops are not 'in custody' for the purposes of Miranda" (quoting Berkemer 468 U.S. 420, 440); "he was not entitled to a recitation of his constitutional rights prior to arrest, and his roadside responses to questioning were admissible"; p.11 "Berkemer's rule, that ordinary traffic stops do not involve custody for purposes of Miranda, governs this case". cites California v. Beheler 463 U.S. 1121, 1125. good law. home=[[Miranda and Custodial Interrogation]] Related (custody)
1782954720 · [S5-B8 #13] search(Beckwith v. United States, 425 U.S. 341) x1 + search_document("compulsive aspect of custodial interrogation") x1 + read_document[chunk0,chunk1] x2 · ok · Beckwith v. United States · opinion 109430 · 425 U.S. 341 (1976), No. 74-1243, decided 1976-04-21 (Burger, C.J.; Brennan/Marshall dissent). HOLDING: Miranda triggered by custody, not investigative 'focus'; noncustodial IRS Intelligence Division interview of a criminal-tax target in a private home requires no Miranda warnings. quotes p.346 "it was the custodial nature of the interrogation which triggered the necessity for adherence to the specific requirements of its Miranda holding" (citing Orozco, Mathis); p.346-347 "It was the compulsive aspect of custodial interrogation, and not the strength or content of the government's suspicions...which led the court to impose the Miranda requirements" (quoting Caiello 420 F.2d 471, 473); p.347 focus = "questioning initiated...after a person has been taken into custody or otherwise deprived of his freedom of action in any significant way" (quoting Miranda 384 U.S. at 444). distinguishes Mathis (391 U.S. 1, IRS interview when in custody). good law. home=[[Miranda and Custodial Interrogation]] Progeny (custody)
1782955080 · [S5-B8 #14] search(Mathis v. United States, 391 U.S. 1) x1 + search_document("entirely separate offense") x1 + read_document[chunk0] x1 · ok · Mathis v. United States (1968) · opinion 107676 · 391 U.S. 1 (1968), No. 726, decided 1968-05-06 (Black, J.; White/Harlan/Stewart dissent). HOLDING: Miranda required when a person already in custody (serving a prison sentence) is interrogated by a revenue agent, even though questioning concerns an entirely separate matter / routine tax investigation; reason for custody irrelevant. quotes p.4 "These differences are too minor and shadowy to justify a departure from the well-considered conclusions of Miranda with reference to warnings to be given to a person held in custody"; p.4-5 "There is no substance to such a distinction...We find nothing in the Miranda opinion which calls for a curtailment of the warnings...based on the reason why the person is in custody". YEAR-SUFFIX COLLISION: file 'Mathis v. United States (1968).md' (vs existing 'United States v. Mathis' 11th Cir 2014 + the famous 2016 sentencing 'Mathis v. United States'); alias bare 'Mathis v. United States'. N4/SR-5 FLAG: treatment=limited by Howes v. Fields 565 U.S. 499 (2012) (incarceration alone != automatic Miranda custody; totality test). home=[[Miranda and Custodial Interrogation]] Progeny (custody)
1782955440 · [S5-B8 #15] search(California v. Beheler, 463 U.S. 1121) x1 + search_document("degree associated with a formal arrest") x1 + read_document[chunk0,chunk1] x2 · ok · California v. Beheler · opinion 111023 · 463 U.S. 1121 (1983), No. 82-1666, decided 1983-07-06 (per curiam; Stevens/Brennan/Marshall dissent). HOLDING: suspect not under arrest who voluntarily comes to station & is allowed to leave after brief interview is NOT in Miranda custody; ultimate test = formal arrest or restraint on freedom of movement 'of the degree associated with a formal arrest'. quotes p.1123 "Beheler was neither taken into custody nor significantly deprived of his freedom of action. Indeed, Beheler's freedom was not restricted in any way whatsoever"; p.1125 "the ultimate inquiry is simply whether there is a 'formal arrest or restraint on freedom of movement' of the degree associated with a formal arrest" (quoting Mathiason 429 U.S. 492, 495); "not required 'simply because the questioning takes place in the station house, or because the questioned person is one whom the police suspect'". good law. home=[[Miranda and Custodial Interrogation]] Progeny (custody)
1782955800 · [S5-B8 #16] search(Thompson v. Keohane, 516 U.S. 99) x1 + search_document("at liberty to terminate the interrogation and leave") x1 + read_document[chunk3] x1 · ok · Thompson v. Keohane · opinion 117982 · 516 U.S. 99 (1995), No. 94-6615, decided 1995-11-29 (Ginsburg, J.; Thomas/Rehnquist dissent). HOLDING: Miranda custody = objective two-inquiry test (circumstances of interrogation [factual] + whether reasonable person would feel free to terminate & leave [objective]); ultimate custody determination is a mixed question of law and fact qualifying for independent federal habeas review (not §2254(d) presumption). quotes p.112 "Two discrete inquiries are essential...first, what were the circumstances...and second...would a reasonable person have felt he or she was not at liberty to terminate the interrogation and leave...objective test to resolve 'the ultimate inquiry': '[was] there a "formal arrest or restraint on freedom of movement" of the degree associated with a formal arrest'" (quoting Beheler 463 U.S. 1121, 1125); p.112-113 "This ultimate determination, we hold, presents a 'mixed question of law and fact' qualifying for independent review". good law (note: §2254(d) framework later changed by AEDPA; see Yarborough v. Alvarado). home=[[Miranda and Custodial Interrogation]] Progeny (custody)
1782956160 · [S5-B8 #17] search(Yarborough v. Alvarado, 541 U.S. 652) x1 + search_document("have not mentioned the suspect's age") x1 + search_document("subjective inquiry") x1 + read_document[chunk4] x1 · ok · Yarborough v. Alvarado · opinion 134748 · 541 U.S. 652 (2004), No. 02-1684, decided 2004-06-01 (Kennedy, J.; O'Connor concur; Breyer/Stevens/Souter/Ginsburg dissent). HOLDING: under AEDPA, state court's finding that a 17-yr-old was not in custody was not an unreasonable application of clearly established law; Miranda custody test is objective and Court's cases had not made age/experience part of it. quotes p.665-666 "We cannot grant relief under AEDPA by conducting our own independent inquiry...Relief is available under §2254(d)(1) only if the state court's decision is objectively unreasonable"; p.666 "Our opinions applying the Miranda custody test have not mentioned the suspect's age, much less mandated its consideration"; p.668 "the custody inquiry states an objective rule designed to give clear guidance to the police, while consideration of a suspect's individual characteristics—including his age—could be viewed as creating a subjective inquiry". N4/SR-5 FLAG: qualified for juveniles by J.D.B. v. North Carolina 564 U.S. 261 (2011) (child's age part of custody analysis when known/objectively apparent; J.D.B. distinguished Alvarado as AEDPA holding). good law. home=[[Miranda and Custodial Interrogation]] Progeny (custody)
1782956520 · [S5-B8 #18] search(Pennsylvania v. Muniz, 496 U.S. 582) x1 + search_document("routine booking question") x1 + search_document("incriminating...answer's content") x1[no-match] + search_document("physical manner in which he articulates words") x1 + read_document[chunk4] x1 · ok · Pennsylvania v. Muniz · opinion 112464 · 496 U.S. 582 (1990), No. 89-213, decided 1990-06-18 (Brennan, J.; fractured/plurality on parts). HOLDINGS: (1) slurred speech/lack of muscular coordination = non-testimonial physical evidence (admissible w/o Miranda); (2) 'sixth birthday' answer = testimonial (content reveals impaired mental state; custodial+unwarned -> suppress); (3) 7 biographical booking questions within 'routine booking question' exception to Miranda. quotes p.590-591 "any slurring of speech...constitute nontestimonial components...Requiring a suspect to reveal the physical manner in which he articulates words...does not, without more, compel him to provide a 'testimonial' response"; p.599 "the incriminating inference of impaired mental faculties stemmed, not just from the fact that Muniz slurred his response, but also from a testimonial aspect of that response"; p.600 "Muniz's response to the sixth birthday question was testimonial, the response should have been suppressed"; p.601 "a 'routine booking question' exception which exempts from Miranda's coverage questions to secure the 'biographical data necessary to complete booking or pretrial services'". good law (fractured). home=[[Miranda and Custodial Interrogation]] Progeny
1783000000 · [S5-B9 #1] search(California v. Prysock, citation 451 U.S. 355) x1[0-results] + search(q="California v. Prysock Miranda warnings") x1 + search_document(110556,"talismanic incantation") x1 + read_document[chunk1] x1 · ok · California v. Prysock · opinion 110556 (merits per curiam; NOT the 110503 in-chambers stay) · 451 U.S. 355 (1981), No. 80-1846, decided 1981-06-23 (per curiam; Stevens/Brennan/Marshall dissent). IDENTITY CONFIRMED (juvenile murder suspect; appointed-counsel warning adequacy). HOLDING: Miranda warnings need not be a verbatim recital; reasonably-conveys standard. quotes *359 "This Court has never indicated that the 'rigidity' of Miranda extends to the precise formulation of the warnings given a criminal defendant"; *359 "Miranda itself indicated that no talismanic incantation was required to satisfy its strictures"; *359 "a verbatim recital of the words of the Miranda opinion" (not required). star *360 CONFIRMED via chunk1. good law (reaffirmed Duckworth 1989, Florida v. Powell 2010). home=[[Miranda and Custodial Interrogation]] Key—Progeny (warning adequacy). Queue role Related→Key (N6: central to warning-adequacy doctrine).
1783000300 · [S5-B9 #2] search(q="Duckworth v. Eagan if and when you go to court Miranda") x1 + search_document(112322,"as if construing a will") x1 + read_document[chunk2] x1 · ok · Duckworth v. Eagan · opinion 112322 · 492 U.S. 195 (1989), No. 88-317, decided 1989-06-26 (Rehnquist, C.J.; O'Connor concur; Marshall dissent). IDENTITY CONFIRMED (Indiana stabbing; "if and when you go to court" warning). HOLDING: warnings need not be verbatim; reasonably-conveys test; "if and when" language adequate in totality. quotes *203 "Reviewing courts therefore need not examine Miranda warnings as if construing a will or defining the terms of an easement. The inquiry is simply whether the warnings reasonably 'conve[y] to [a suspect] his rights as required by Miranda.'"; *204 Miranda "does not require that attorneys be producible on call"; *205 "We hold that the initial warnings given to respondent, in their totality, satisfied Miranda". star *204/*205 CONFIRMED via chunk2. good law (applies Prysock; reaffirmed Florida v. Powell 2010). home=[[Miranda and Custodial Interrogation]] Key—Progeny (warning adequacy).
1783000600 · [S5-B9 #3] search(q="Chavez v. Martinez self-incrimination coercive questioning Section 1983") x1 + search_document(127927,"We fail to see how, based on the text of the Fifth Amendment") x1 + read_document[chunk2] x1 · ok · Chavez v. Martinez · opinion 127927 (538 U.S. 760; NOT 127891 "538 U.S. 1" stray cite) · 538 U.S. 760 (2003), No. 01-1444, decided 2003-05-27 (Thomas plurality announcing judgment; Souter+Breyer controlling rationale/remand; fractured). IDENTITY CONFIRMED (Oxnard shooting; coercive hospital interrogation; § 1983). HOLDING: Self-Incrimination Clause is a trial right; no completed 5A violation absent use of statement in a criminal case -> no § 1983 5A claim; substantive-DP claim remanded. quotes (plurality) "We fail to see how, based on the text of the Fifth Amendment, Martinez can allege a violation of this right, since Martinez was never prosecuted for a crime, let alone compelled to be a witness against himself in a criminal case"; "it is not until their use in a criminal case that a violation of the Self-Incrimination Clause occurs" (Verdugo-Urquidez "fundamental trial right"). CAVEAT (L1): CL record 127927 renders star-pagination as malformed "* N" markers (not clean U.S.-Reports stars); verbatim quotes CONFIRMED via search_document+chunk2; pinpoints 766-767 assigned from the canonical 538 U.S. citation. good law (carried forward by Vega v. Tekoh 2022). homes=[[Miranda and Custodial Interrogation]] Key—Progeny + [[Section 1983 Liability and Qualified Immunity]] Key—Progeny + [[Due-Process Voluntariness of Confessions]] Related.
1783000900 · [S5-B9 #4] search(q="Vega v. Tekoh Miranda violation Section 1983") x1 + read_document(6480695 full)[WRONG-OPINION: cluster-id 6480695 resolves to an AZ Industrial-Commission opinion - L3 trap] + get_endpoint_item(clusters,6480695) x1 [-> sub_opinion 6352828] + search_document(6352828,"...does not necessarily constitute...")x1[0] + search_document(6352828,"we see no justification...")x1[0, newline-broke literal match] + search_document(6352828,"Tekoh")x1 + search_document(6352828,"is reversed")x1 · ok · Vega v. Tekoh · LEAD opinion 6352828 (cluster 6480695) · 597 U.S. 134 (2022), No. 21-499, argued 2022-04-20, decided 2022-06-23 (Alito, J., joined Roberts/Thomas/Gorsuch/Kavanaugh/Barrett; Kagan dissent joined Breyer/Sotomayor). IDENTITY CONFIRMED (LA Sheriff Dep. Carlos Vega; un-Mirandized statement; acquittal then § 1983). HOLDING (syllabus, verbatim): "A violation of the Miranda rules does not provide a basis for a §1983 claim." Conclusion (Alito, verbatim): "Because a violation of Miranda is not itself a violation of the Fifth Amendment, and because we see no justification for expanding Miranda to confer a right to sue under §1983, the judgment of the Court of Appeals is reversed". CAVEAT (L1): CL stores the SLIP opinion ("Cite as: 597 U. S. ____ (2022)") - no internal U.S.-Reports star pages; pin-134 = case start/Held (from cluster citation 597 U.S. 134); conclusion cited to the opinion, NO fabricated internal page (earlier ^pin-152 removed). good law (2022). homes=[[Miranda and Custodial Interrogation]] Key—Progeny + [[Section 1983 Liability and Qualified Immunity]] Key—Progeny.
1783001200 · [S5-B9 #5] search(q="Doyle v. Ohio post-Miranda silence impeachment due process") x1 + search_document(109491,"silence will carry no penalty") x1 · ok · Doyle v. Ohio · opinion 109491 · 426 U.S. 610 (1976), No. 75-5014, decided 1976-06-17 (Powell, J.; Stevens/Blackmun/Rehnquist dissent). IDENTITY CONFIRMED (marijuana sale; post-arrest silence used to impeach exculpatory trial story). HOLDING: impeachment use of post-arrest/post-Miranda silence violates Fourteenth Amendment Due Process. quotes *617 post-arrest silence "insolubly ambiguous"; *618 "while it is true that the Miranda warnings contain no express assurance that silence will carry no penalty, such assurance is implicit to any person who receives the warnings. In such circumstances, it would be fundamentally unfair and a deprivation of due process to allow the arrested person's silence to be used to impeach an explanation subsequently offered at trial." star *618/*619 CONFIRMED. good law (cabined by Jenkins v. Anderson / Fletcher v. Weir / Salinas to post-Miranda silence only). home=[[Miranda Waiver and Invocation]] Key—Progeny.
1783001500 · [S5-B9 #6] search(q="Smith v. Illinois 1984 request for counsel...", citation 469 U.S. 91) x1 + search_document(111288,"cast retrospective doubt on the clarity of the initial request") x1 · ok · Smith v. Illinois · opinion 111288 · 469 U.S. 91 (1984), No. 84-5332, decided 1984-12-10 (per curiam; Rehnquist+Burger+Powell dissent). IDENTITY CONFIRMED ("Uh, yeah. I'd like to do that" counsel request; later equivocal answers). HOLDING (narrow): postrequest responses may not cast retrospective doubt on a clear invocation. quote *100 "We hold only that, under the clear logical force of settled precedent, an accused's postrequest responses to further interrogation may not be used to cast retrospective doubt on the clarity of the initial request itself. Such subsequent statements are relevant only to the distinct question of waiver." star *100 CONFIRMED. good law (threshold ambiguity question reserved -> answered by Davis v. United States 1994). COLLISION: no true filename collision - the 1968 Smith v. Illinois (390 U.S. 129, Confrontation Clause) is out-of-remit/page-less per S5 gate; S4-collisions Tier A=NONE -> NO year-suffix; bare [[Smith v. Illinois]] resolves to this 1984 Miranda page. home=[[Miranda Waiver and Invocation]] Key—Progeny.
1783001800 · [S5-B9 #7] search(q="Oregon v. Bradshaw initiate Edwards what is going to happen to me now", citation 462 U.S. 1039) x1 + search_document(110987,"open up a more generalized discussion relating directly or indirectly to the investigation") x1 · ok · Oregon v. Bradshaw · opinion 110987 · 462 U.S. 1039 (1983), No. 81-1857, decided 1983-06-23 (Rehnquist plurality; Powell concurring in judgment; Marshall/Brennan/Blackmun/Stevens dissent). IDENTITY CONFIRMED ("Well, what is going to happen to me now?" -> initiation). HOLDING: Edwards two-step (initiation then totality-of-circumstances waiver); routine inquiries don't initiate. quotes *1045 "There are some inquiries, such as a request for a drink of water or a request to use a telephone, that are so routine that they cannot be fairly said to represent a desire on the part of an accused to open up a more generalized discussion relating directly or indirectly to the investigation"; *1045-46 "evinced a willingness and a desire for a generalized discussion about the investigation"; both opinions treat it as "first step of a two-step analysis" + Zerbst totality. star *1046 CONFIRMED. good law (settled Edwards application). home=[[Miranda Waiver and Invocation]] Key—Progeny.
1783002100 · [S5-B9 #8] search(q="Colorado v. Spring valid Miranda waiver awareness of subjects", citation 479 U.S. 564) x1 + search_document(111798,"awareness of all the possible subjects of questioning") x1 · ok · Colorado v. Spring · opinion 111798 · 479 U.S. 564 (1987), No. 85-1517, decided 1987-01-27 (Powell, J.; Marshall+Brennan dissent). IDENTITY CONFIRMED (federal firearms arrest; un-forewarned questioning about CO murder). HOLDING: waiver knowing/intelligent though police didn't disclose all subjects; silence on subject matter not trickery. quote *577 "a suspect's awareness of all the possible subjects of questioning in advance of interrogation is not relevant to determining whether the suspect voluntarily, knowingly, and intelligently waived his Fifth Amendment privilege" (Part III conclusion; star *578 marker begins Marshall dissent immediately after). good law. home=[[Miranda Waiver and Invocation]] Key—Progeny.
1783002400 · [S5-B9 #9] search(q="Connecticut v. Barrett limited invocation written statement willing to talk", citation 479 U.S. 523) x1 + search_document(111796,"a right to choose between speech and silence") x1 + read_document[chunk1] x1 · ok · Connecticut v. Barrett · opinion 111796 · 479 U.S. 523 (1987), No. 85-899, decided 1987-01-27 (Rehnquist, C.J.; Brennan+Marshall concur in judgment; Stevens dissent). IDENTITY CONFIRMED (refused written statement w/o counsel but agreed to talk orally). HOLDING: limited invocation honored as made; oral statements admissible. quotes *528 "Nothing in our decisions, however, or in the rationale of Miranda, requires authorities to ignore the tenor or sense of a defendant's response to these warnings"; *529 "Barrett's limited requests for counsel, however, were accompanied by affirmative announcements of his willingness to speak with the authorities. The fact that officials took the opportunity provided by Barrett to obtain an oral confession is quite consistent with the Fifth Amendment. Miranda gives the defendant a right to choose between speech and silence, and Barrett chose to speak." star *528/*529 CONFIRMED via chunk1. good law. home=[[Miranda Waiver and Invocation]] Key—Progeny.
1783002700 · [S5-B9 #10] search(q="Bobby v. Dixon Seibert Elstad confession AEDPA", citation 565 U.S. 23) x1 + search_document(616807,"there was no earlier confession to repeat") x1 + read_document[chunk2] x1 · ok · Bobby v. Dixon · opinion 616807 · 565 U.S. 23 (2011), No. 10-1540, decided 2011-11-07 (per curiam). IDENTITY CONFIRMED (Hammer murder; forgery first-interrogation then warned murder confession; Sixth Cir. habeas). HOLDING: no Seibert two-step / no nexus -> Elstad governs; AEDPA reversal. quotes *31 "unlike in Seibert, there is no concern here that police gave Dixon Miranda warnings and then led him to repeat an earlier murder confession, because there was no earlier confession to repeat"; *31 "no nexus" between unwarned forgery admission and later warned murder confession; four-hour break. star labels *30/*31 CONFIRMED via chunk2 (CL uses citation-index star-pagination spans). good law. home=[[Miranda Waiver and Invocation]] Related.
1783003000 · [S5-B9 #11] search(q="Michigan v. Tucker Miranda prophylactic witness fruits voluntary", citation 417 U.S. 433) x1 + search_document(109063,"departed only from the prophylactic standards") x1 · ok · Michigan v. Tucker · opinion 109063 · 417 U.S. 433 (1974), No. 73-482, decided 1974-06-10 (Rehnquist, J.; White/Brennan/Marshall concur in judgment; Douglas dissent). IDENTITY CONFIRMED (pre-Miranda rape interrogation, incomplete appointed-counsel warning; witness Henderson). HOLDING: fruits of a mere prophylactic Miranda violation (voluntary statement) need not be suppressed. quote *446 "the police conduct at issue here did not abridge respondent's constitutional privilege against compulsory self-incrimination, but departed only from the prophylactic standards later laid down by this Court in Miranda to safeguard that privilege" (Douglas dissent quotes same at *462-463). star *446 CONFIRMED. good law (Dickerson 2000 reaffirmed Miranda's constitutional status but Tucker fruits principle survives -> applied in Patane 2004). home=[[Miranda Waiver and Invocation]] Key—Progeny.
1783003300 · [S5-B9 #12] search(q="Harris v. New York impeachment voluntary statement Miranda credibility", citation 401 U.S. 222) x1 + search_document(108272,"perverted into a license to use perjury") x1 · ok · Harris v. New York · opinion 108272 · 401 U.S. 222 (1971), No. 206, decided 1971-02-24 (Burger, C.J.; Brennan+Douglas+Marshall dissent; Black dissents). IDENTITY CONFIRMED (heroin sale; un-Mirandized but voluntary statements used to impeach trial testimony). HOLDING: impeachment exception to Miranda exclusionary rule. quotes *225 "Having voluntarily taken the stand, petitioner was under an obligation to speak truthfully and accurately, and the prosecution here did no more than utilize the traditional truth-testing devices of the adversary process"; *226 "The shield provided by Miranda cannot be perverted into a license to use perjury by way of a defense, free from the risk of confrontation with prior inconsistent utterances. We hold, therefore, that petitioner's credibility was appropriately impeached by use of his earlier conflicting statements." star *226 CONFIRMED. good law (bounded by Doyle/silence, James v. Illinois/defense witnesses). COLLISION: stem "Harris v. New York" unique (distinct from Harris v. United States 1968/1971) -> NO year-suffix. homes=[[Miranda Waiver and Invocation]] Key—Limiting + [[The Exclusionary Rule]] Related.
1783003600 · [S5-B9 #13] [BORDERLINE-INGEST per runbook] search(q="Salinas v. Texas pre-custody silence express invocation Fifth Amendment", citation 570 U.S. 178) x1 + search_document(903977,"did not expressly invoke the privilege against self-incrimination") x1 + search_document(903977,"must claim it...")x1[0,newline] + search_document(903977,"expressly invoke the privilege") x1 · ok · Salinas v. Texas · opinion 903977 · 570 U.S. 178 (2013), No. 12-246, decided 2013-06-17 (Alito plurality, Roberts+Kennedy; Thomas+Scalia concur in judgment; Breyer+Ginsburg+Sotomayor+Kagan dissent; fractured 5-4). IDENTITY CONFIRMED (double murder; voluntary stationhouse Q&A; silence/foot-shuffle re: shotgun shells used at trial). HOLDING (plurality): precustodial silence not protected absent express invocation. quotes (plurality) "A witness does not expressly invoke the privilege by standing mute"; plurality "concludes that Salinas' Fifth Amendment claim fails because he did not expressly invoke the privilege" (pinned by Thomas concurrence + Breyer dissent to "Ante, at 2178-2179"). PAGINATION: CL plurality region carries S.Ct. labels (*2178/*2180/*2182); U.S.-Reports labels (*192 Thomas, *203 Breyer) appear only on later opinions -> pinpoints cited to confirmed S.Ct. 2178-2179. good law (express-invocation rule governs). home=[[Miranda Waiver and Invocation]] Key—Progeny.
1783003900 · [S5-B9 #14] search(q="Fare v. Michael C. juvenile request probation officer totality waiver", citation 442 U.S. 707) x1 + search_document(110117,"totality-of-the-circumstances approach is adequate") x1 + search_document(110117,"request for a probation officer") x1 · ok · Fare v. Michael C. · opinion 110117 · 442 U.S. 707 (1979), No. 78-334, decided 1979-06-20 (Blackmun, J.; Marshall+Brennan+Stevens dissent; Powell dissent). IDENTITY CONFIRMED (16-yr-old on probation, murder; asked for probation officer). HOLDINGS: (1) probation-officer request not a per se Miranda invocation; (2) juvenile waiver judged by totality. quotes *724 "Nor do we believe that a request by a juvenile to speak with his probation officer constitutes a per se request to remain silent... we decline to find that the request for the probation officer is tantamount to the request for an attorney"; *725 "This totality-of-the-circumstances approach is adequate to determine whether there has been a waiver even where interrogation of juveniles is involved." star *715/*724/*725 CONFIRMED. good law. FILENAME: "Fare v. Michael C.md" (stem slugs to fare-v-michael-c; bare [[Fare v. Michael C.]] and [[Fare v. Michael C]] both resolve). home=[[Miranda Waiver and Invocation]] Key—Progeny.
1783004200 · [S5-B9 #15] search(q="United States v. Gouveia Sixth Amendment right to counsel attaches adversary judicial proceedings", citation 467 U.S. 180) x1 + search_document(111193,"initiation of adversary judicial proceedings") x1 · ok · United States v. Gouveia · opinion 111193 · 467 U.S. 180 (1984), No. 83-128, decided 1984-05-29 (Rehnquist, J.; Stevens concur in judgment; Marshall+Brennan dissent). IDENTITY CONFIRMED (prison-murder inmates; preindictment administrative segregation; no counsel). HOLDING: 6A right to counsel attaches only at/after initiation of adversary judicial proceedings. quotes *187 "our cases have long recognized that the right to counsel attaches only at or after the initiation of adversary judicial proceedings against the defendant" (Stevens & Marshall both pin to "Ante, at 187"); *188 (quoting Kirby 406 U.S. 689) attachment "whether by way of formal charge, preliminary hearing, indictment, information, or arraignment." star *199 (Stevens) CONFIRMED; holding page 187 confirmed via concurrence/dissent cross-refs. good law (Rothgery 2008). home=[[Sixth Amendment Right to Counsel]] Key—Progeny.
1783004600 · [S5-B9 #16] search(q="Fellers v. United States deliberately elicited Sixth Amendment Massiah indicted home", citation 540 U.S. 519) x1 + search_document(131158,"deliberately elicited information from petitioner")x1[0] + [TRANSIENT 502 Cloudflare bad-gateway on next call -> non-CL spacer/backoff -> RETRIED in-turn] + search_document(131158,"deliberately elicited") x1 · ok · Fellers v. United States · opinion 131158 · 540 U.S. 519 (2004), No. 02-6320, decided 2004-01-26 (O'Connor, J., unanimous). IDENTITY CONFIRMED (post-indictment home arrest; meth distribution; statements at home then Mirandized jailhouse). HOLDING: post-indictment deliberate elicitation outside counsel = 6A (Massiah) violation; standard is deliberate-elicitation not Miranda interrogation; remand on fruits/Elstad. quotes *524 "We have consistently applied the deliberate-elicitation standard in subsequent Sixth Amendment cases... and we have expressly distinguished this standard from the Fifth Amendment custodial-interrogation standard"; *524 "there is no question that the officers in this case 'deliberately elicited' information from petitioner"; Massiah 377 U.S. 206 quote. star *521/*524 CONFIRMED. good law. home=[[Sixth Amendment Right to Counsel]] Key—Progeny. NOTE: transient 502 hit + retried-and-continued (did not yield).
1783005000 · [S5-B9 #17] search(q="Escobedo v. Illinois denied consult retained counsel interrogation Sixth Amendment", citation 378 U.S. 478) x1 + search_document(106883,"no longer a general inquiry into an unsolved crime but has begun to focus") x1 · ok · Escobedo v. Illinois · opinion 106883 · 378 U.S. 478 (1964), No. 615, decided 1964-06-22 (Goldberg, J.; Harlan/Stewart/White+Clark dissent). IDENTITY CONFIRMED (murder of brother-in-law; denied access to retained lawyer at station; no silence warning). HOLDING: 6A right to counsel denied during focused custodial interrogation; statements inadmissible. quote *490-491 "We hold, therefore, that where, as here, the investigation is no longer a general inquiry into an unsolved crime but has begun to focus on a particular suspect, the suspect has been taken into police custody, the police carry out a process of interrogations that lends itself to eliciting incriminating statements, the suspect has requested and been denied an opportunity to consult with his lawyer, and the police have not effectively warned him of his absolute constitutional right to remain silent, the accused has been denied 'the Assistance of Counsel' in violation of the Sixth Amendment..." star *491 CONFIRMED. TREATMENT=limited (result intact; rationale recast as 5A by Miranda 1966, confined to its facts by Kirby v. Illinois 1972 / Moran v. Burbine 1986; SR-5/N13). authority_weight Binding—SCOTUS + treatment limited (orthogonal axes). homes=[[Sixth Amendment Right to Counsel]] Key—Historical + [[Miranda and Custodial Interrogation]] Related.
1783005400 · [S5-B9 #18] search(q="Foster v. California lineup suggestive due process identification all but inevitable", citation 394 U.S. 440) x1 + search_document(107890,"made it all but inevitable") x1 + read_document[chunk0] x1 · ok · Foster v. California · opinion 107890 · 394 U.S. 440 (1969), No. 47, argued 1968-11-19, decided 1969-04-01 (Fortas, J.; Black/Harlan/Stewart/White dissent). IDENTITY CONFIRMED (Western Union robbery; tall suspect + leather jacket; showup; repeat lineup). HOLDING: identification procedure so unnecessarily suggestive as to violate due process (rare DP reversal). quotes *442 "the conduct of identification procedures may be 'so unnecessarily suggestive and conducive to irreparable mistaken identification' as to be a denial of due process of law"; *443 "The suggestive elements in this identification procedure made it all but inevitable that David would identify petitioner whether or not he was in fact 'the man.' In effect, the police repeatedly said to the witness, 'This is the man.' ... This procedure so undermined the reliability of the eyewitness identification as to violate due process." star *441/*442/*443 CONFIRMED via chunk0. good law (cited as the rare such reversal in Perry v. New Hampshire 2012). home=[[Eyewitness Identification]] Key—Progeny.
1783100100 · [S5-B10 #1] search(type=o, q="Pembaur City of Cincinnati municipal liability single decision policymaker", citation 475 U.S. 469) x1 + search_document(111615,"a deliberate choice to follow a course of action is made from among various alternatives") x1 · ok · Pembaur v. City of Cincinnati · opinion 111615 (cluster 111615) · 475 U.S. 469 (1986), No. 84-1160, decided 1986-03-25 (Brennan, J.; plurality on single-decision point; White concur; Stevens concur; Powell+Burger+Rehnquist dissent). IDENTITY CONFIRMED (Dr. Pembaur clinic; deputies axe door to serve capiases on grand-jury witnesses; County Prosecutor told them "go in and get" them). HOLDING: a single decision by an official with FINAL POLICYMAKING AUTHORITY for the subject can be Monell "official policy." quote *483-484 "We hold that municipal liability under §1983 attaches where — and only where — a deliberate choice to follow a course of action is made from among various alternatives by the official or officials responsible for establishing final policy with respect to the subject matter in question." star *484 marker confirmed; O'Connor concurrence cross-refs "Ante, at 483-484." good law. home=[[Section 1983 Liability and Qualified Immunity]] Key—Progeny/Refinement.
1783100500 · [S5-B10 #2] search(type=o, q="Messerschmidt Millender QI overbroad warrant magistrate", citation 565 U.S. 535) x1 + search_document(623242,"the fact that a neutral magistrate...")x1[0, 623242=combined doc] + search_document(623242,"threshold...high one")x1[0] + get_endpoint_item(clusters,623242)[sub_opinions->9485385 lead] + search_document(9485385,"threshold for establishing this exception is a high one")x1[1] + read_document(9485385,chunk2) x1 · ok · Messerschmidt v. Millender · LEAD opinion 9485385 (cluster 623242; canonical URL /opinion/623242/) · 565 U.S. 535 (2012), No. 10-704, decided 2012-02-22 (Roberts, C.J.; Breyer concur; Kagan concur/dissent; Sotomayor+Ginsburg dissent). IDENTITY CONFIRMED (Det. Messerschmidt; Jerry Bowen "black sawed-off shotgun with a pistol grip" assault on Shelly Kelly; warrant for ALL firearms + gang material at Augusta Millender's home; supervisor+DDA+magistrate approved). HOLDING: QI for obtaining/executing facially-overbroad magistrate-approved warrant; Malley exception is a HIGH threshold. quotes *547 "Nonetheless, under our precedents, the fact that a neutral magistrate has issued a warrant authorizing the allegedly unconstitutional search or seizure does not end the inquiry into objective reasonableness." + *547 Malley/Leon "so lacking in indicia of probable cause as to render official belief in its existence entirely unreasonable" (Leon 468 U.S. at 923) + *547 "Our precedents make clear, however, that the threshold for establishing this exception is a high one, and it should be." star *546/*547/*548 CONFIRMED via chunk2. good law. homes=[[Section 1983 Liability and Qualified Immunity]] Key—Progeny + [[The Warrant Requirement]] Related.
1783100900 · [S5-B10 #3] search(type=o, q="Wilson v. Layne media ride-along home warrant QI", citation 526 U.S. 603) x1 + search_document(118289,"bring members of the media or other third parties into a home during the execution of a warrant")x1[1] + search_document(118289,"it was not unreasonable for a police officer in April 1992 to have believed")x1[1] + read_document(118289,chunk3) x1 · ok · Wilson v. Layne · opinion 118289 (cluster 118289) · 526 U.S. 603 (1999), No. 98-83, decided 1999-05-24 (Rehnquist, C.J., unanimous on 4A; Stevens concur/dissent on QI). IDENTITY CONFIRMED (1992 Marshals + county police; Washington Post reporter+photographer into Charles & Geraldine Wilson home executing arrest warrant for son Dominic; Bivens/§1983). HOLDINGS: (1) media into home during warrant execution not in aid of warrant violates 4A; (2) QI - right not clearly established in 1992. quotes *614 "We hold that it is a violation of the Fourth Amendment for police to bring members of the media or other third parties into a home during the execution of a warrant when the presence of the third parties in the home was not in aid of the execution of the warrant." + *615 "We hold that it was not unreasonable for a police officer in April 1992 to have believed that bringing media observers along during the execution of an arrest warrant (even in a home) was lawful." star *614/*615/*616/*617 CONFIRMED via chunk3 (cites Anderson v. Creighton, Harlow). good law. homes=[[Section 1983 Liability and Qualified Immunity]] Key—Progeny + [[The Warrant Requirement]] Related. Companion=[[Hanlon v. Berger]].
1783101300 · [S5-B10 #4] search(type=o, citation 526 U.S. 808)x1[0] + search(case_name="Hanlon v. Berger")x1[->SCOTUS cluster 1087699] + search_document(1087699,"Wilson v. Layne")x1[0, syllabus-stored] + read_document(1087699 full, 5369 chars) x1 · ok · Hanlon v. Berger · opinion 1087699 (cluster 1087699) · 526 U.S. 808 (1999), No. 97-1927, argued 1999-03-24, decided 1999-05-24 (per curiam; Stevens concur/dissent). IDENTITY CONFIRMED (Paul & Erma Berger 75,000-acre ranch near Jordan MT; warrant for unlawful taking of wildlife excluding residence; CNN crew accompanied US Fish & Wildlife agents; Bivens suit). HOLDING: 4A violation under Wilson v. Layne; QI applies (right not clearly established in 1992/1993). quotes *810 "Review of the complaint's much more detailed allegations to the same effect satisfies us that respondents alleged a Fourth Amendment violation under our decision today in Wilson v. Layne, ante, p. 603." + *810 "Petitioners maintain that even though they may have violated the Fourth Amendment rights of respondents, they are entitled to the defense of qualified immunity. We agree. Our holding in Wilson makes clear that this right was not clearly established in 1992." star *809/*810 CONFIRMED via full read. good law. home=[[Section 1983 Liability and Qualified Immunity]] Key—Progeny (queue-hint "Related"; companion to Wilson). Companion=[[Wilson v. Layne]]; Bivens=[[Bivens v. Six Unknown Named Agents]].
1783101700 · [S5-B10 #5] search_document(111611,"a reasonably well-trained officer in petitioner's position would have known that his affidavit failed to establish probable cause")x1[1] + search_document(111611,"no reasonably competent officer would have concluded that a warrant should issue")x1[3] · ok · Malley v. Briggs · opinion 111611 (cluster 111611; URL /opinion/111611/) · 475 U.S. 335 (1986), No. 84-1586, decided 1986-03-05 (White, J.; Powell concur/dissent). IDENTITY CONFIRMED (RI trooper Malley; wiretap-based felony complaints + affidavits v. James & Louise Briggs; grand jury no-billed; §1983). HOLDING: warrant-applying officer gets QUALIFIED not absolute immunity; lost where no reasonably competent officer would have sought the warrant. quotes *341 "Defendants will not be immune if, on an objective basis, it is obvious that no reasonably competent officer would have concluded that a warrant should issue; but if officers of reasonable competence could disagree on this issue, immunity should be recognized." + *341 "all but the plainly incompetent or those who knowingly violate the law" + *345 "The analogous question in this case is whether a reasonably well-trained officer in petitioner's position would have known that his affidavit failed to establish probable cause and that he should not have applied for the warrant." star *341 (dissent cross-ref "Ante, at 341") + *350 confirmed. good law. homes=[[Section 1983 Liability and Qualified Immunity]] Key—Progeny + [[The Warrant Requirement]] Related.
1783102100 · [S5-B10 #6] search(type=o, q="City of Canton v. Harris failure to train deliberate indifference", citation 489 U.S. 378) x1 + search_document(112209,"the failure to train amounts to deliberate indifference to the rights of persons")x1[1] + search_document(112209,"the need for more or different training is so obvious")x1[2] · ok · City of Canton v. Harris · opinion 112209 (cluster 112209) · 489 U.S. 378 (1989), No. 86-1088, decided 1989-02-28 (White, J.; Brennan concur; O'Connor concur/dissent w/ Scalia+Kennedy). IDENTITY CONFIRMED (Geraldine Harris; Canton OH stationhouse; slumped to floor, no medical care summoned; §1983 failure-to-train re: medical care for detainees). HOLDING: municipal failure-to-train liability ONLY on deliberate indifference. quotes *388 "We hold today that the inadequacy of police training may serve as the basis for §1983 liability only where the failure to train amounts to deliberate indifference to the rights of persons with whom the police come into contact." (star *389 immediately after) + *390 "the need for more or different training is so obvious, and the inadequacy so likely to result in the violation of constitutional rights, that the policymakers of the city can reasonably be said to have been deliberately indifferent to the need." (O'Connor cross-ref "Ante, at 390"). good law. home=[[Section 1983 Liability and Qualified Immunity]] Key—Progeny (Monell line).
1783102600 · [S5-B10 #7] search(type=o, q="Connick v. Thompson single Brady violation failure to train", citation 563 U.S. 51) x1 + search_document(213505,"A pattern of similar constitutional violations...")x1[0,combined doc 167k] + search_document(213505,"ordinarily necessary...")x1[0] + search_document(9441299,"ordinarily necessary")x1[4] + read_document(9441299,chunk3) x1 · ok · Connick v. Thompson · LEAD opinion 9441299 (cluster 213505; canonical URL /opinion/213505/) · 563 U.S. 51 (2011), No. 09-571, decided 2011-03-29 (Thomas, J., 5-4; Scalia concur; Ginsburg dissent w/ Breyer/Sotomayor/Kagan). IDENTITY CONFIRMED (John Thompson; New Orleans DA Harry Connick; suppressed crime-lab/blood report; armed-robbery+murder; $14M jury verdict). HOLDING: single Brady violation w/o pattern insufficient for failure-to-train deliberate indifference. quotes *62 "A pattern of similar constitutional violations by untrained employees is 'ordinarily necessary' to demonstrate deliberate indifference for purposes of failure to train." (Bryan Cty. 520 U.S. at 409) + *64 "Failure to train prosecutors in their Brady obligations does not fall within the narrow range of Canton's hypothesized single-incident liability." star *62/*63/*64 CONFIRMED via chunk3 (cites Pembaur, Canton, Brady). good law. homes=[[Section 1983 Liability and Qualified Immunity]] Key—Progeny + [[Brady and Giglio]] Related.
1783103100 · [S5-B10 #8] search_document(108375,"entitled to recover money damages...")[TRANSIENT 401 auth-not-provided -> non-CL spacer (ls cross-ref files) -> RETRIED in-turn] + search_document(108375,"money damages for any injuries he has suffered")x1[1] + search_document(108375,"courts will be alert to adjust their remedies so as to grant the necessary relief")x1[1] · ok · Bivens v. Six Unknown Named Agents · opinion 108375 (URL /opinion/108375/bivens-...-of-federal-bureau-of-narcotics/) · 403 U.S. 388 (1971), No. 301, decided 1971-06-21 (Brennan, J.; Harlan concur in judgment; Burger/Black/Blackmun dissent). IDENTITY CONFIRMED (Webster Bivens; FBN agents warrantless apartment entry+arrest+manacle+strip search; damages claim under 4A; lower courts dismissed for no statutory cause of action). HOLDING: implied 4A damages remedy against federal officers. quotes *392 "where federally protected rights have been invaded, it has been the rule from the beginning that courts will be alert to adjust their remedies so as to grant the necessary relief." (Bell v. Hood, 327 U.S. at 684) + *397 "Having concluded that petitioner's complaint states a cause of action under the Fourth Amendment ... we hold that petitioner is entitled to recover money damages for any injuries he has suffered as a result of the agents' violation of the Amendment." (cross-ref supra at 390-395 confirms cause-of-action pages). TREATMENT: status good (core holding not overruled) + NOTE limited-extension trend (Ziglar v. Abbasi 2017; Egbert v. Boule 2022 -> declines to extend to new contexts); by:[] (limiting cases out-of-corpus, named in prose only). home=[[Section 1983 Liability and Qualified Immunity]] Key—Anchor (federal-officer liability). NOTE: transient 401 hit + retried-and-continued (did not yield).
1783103600 · [S5-B10 #9] search(type=o, q="United States v. Classic misuse of power under color of state law", citation 313 U.S. 299) x1 + search_document(103531,"Misuse of power, possessed by virtue of state law and made possible only because the wrongdoer is clothed with the authority of state law")x1[1] + read_document(103531,chunk8) x1 · ok · United States v. Classic · opinion 103531 (cluster 103531) · 313 U.S. 299 (1941), No. 618, decided 1941-05-26 (Stone, J.; Douglas+Black+Murphy concur/dissent in part). IDENTITY CONFIRMED (Louisiana election commissioners; §§19/20 Criminal Code now 18 USC 241/242; altered/falsely counted Democratic primary ballots for US House). HOLDING: misuse of state-conferred power = "under color of" state law (color-of-law anchor); right to vote in integral primary is constitutionally protected. quote (para 30) "Misuse of power, possessed by virtue of state law and made possible only because the wrongdoer is clothed with the authority of state law, is action taken 'under color of' state law." (Ex parte Virginia 100 U.S. 339, 346). PAGINATION: CL stores paragraph-numbered format (no star *326 markers in chunk8); pin 326 per official U.S. Reports citation (the universally-cited page for this sentence). good law (definition carried into Screws + adopted for §1983 in Monroe v. Pape; Classic overruled Grovey v. Townsend on primary point). home=[[Section 1983 Liability and Qualified Immunity]] Key—Anchor (color of law).
1783104100 · [S5-B10 #10] search(type=o, q="Taylor v. Riojas QI feces cell conditions obvious egregious per curiam") x1 + search_document(4582848,"any reasonable officer should have realized...")x1[0,line-break hyphenation] + search_document(4582848,"particularly egregious facts of this case")x1[0,hyphenation] + read_document(4582848,chunk0) x1 · ok · Taylor v. Riojas · opinion 4582848 (cluster 4802501; canonical URL /opinion/4802501/) · 592 U.S. 7 (2020), No. 19-1261, decided 2020-11-02 (per curiam; Barrett took no part; Thomas dissents). IDENTITY CONFIRMED (Trent Michael Taylor, TX inmate; 6 days in feces-covered cell + frigid sewage cell, left naked; 5th Cir. granted QI). HOLDING: QI defeated without a case on point where violation obvious. quotes (slip op. 2) "no reasonable correctional officer could have concluded that, under the extreme circumstances of this case, it was constitutionally permissible to house Taylor in such deplorably unsanitary conditions for such an extended period of time." + (slip op. 3) "Confronted with the particularly egregious facts of this case, any reasonable officer should have realized that Taylor's conditions of confinement offended the Constitution." + Hope v. Pelzer 536 U.S. 730, 741 "obvious clarity". PAGINATION: slip-opinion "592 U. S. ____ (2020)" w/ internal slip pages 1-3, no U.S.-Reports star pages; pin keyed to official case-start 592 U.S. 7, slip op. 2-3 cited (no fabricated internal page, per Vega/Mullenix precedent). good law (8A conditions case; homes to QI by holding). home=[[Section 1983 Liability and Qualified Immunity]] Key—Limiting.
1783104700 · [S5-B10 #11] search(type=o, q="Ashcroft v. al-Kidd material witness pretext objective", citation 563 U.S. 731) x1[2 clusters: 217703 + 7344719] + search_document(7262676,"whether the circumstances viewed objectively...")x1[0] + search_document(217703,"predominantly an objective inquiry")x1[1,syllabus] + search_document(217703,"whatever the subjective intent...")x1[0,line-breaks] + read_document(217703,[2,3]) + read_document(217703,chunk5) · ok · Ashcroft v. al-Kidd · opinion 217703 (also cluster 7344719/lead 7262676; used /opinion/217703/ which resolves + shows named case) · 563 U.S. 731 (2011), No. 10-98, decided 2011-05-31 (Scalia, J.; Kennedy concur; Ginsburg + Sotomayor concur in judgment; Kagan took no part). IDENTITY CONFIRMED (John D. Ashcroft v. Abdullah al-Kidd; 2003 material-witness warrant; Bivens; alleged AG pretext policy; 9th Cir.). HOLDINGS: (1) subjective intent irrelevant to 4A objective reasonableness; (2) Ashcroft did not violate clearly established law -> QI. quotes (slip op. 3-4, U.S. 736) "Fourth Amendment reasonableness 'is predominantly an objective inquiry.' We ask whether 'the circumstances, viewed objectively, justify [the challenged] action.' If so, that action was reasonable 'whatever the subjective intent' motivating the relevant officials." (Edmond/Scott/Whren) + (slip op. 12, U.S. 743) "We hold that an objectively reasonable arrest and detention of a material witness pursuant to a validly obtained warrant cannot be challenged as unconstitutional on the basis of allegations that the arresting authority had an improper motive." + (743) QI "protects 'all but the plainly incompetent or those who knowingly violate the law.'" (Malley 475 U.S. 341). PAGINATION: slip "563 U. S. ____ (2011)"; pins keyed to official U.S. Reports 736/743 (743 confirmed via Messerschmidt cross-cite "563 U.S. 731, 743"). good law. homes=[[Section 1983 Liability and Qualified Immunity]] Key—Progeny + [[Seizure of the Person]] Related.
1783105300 · [S5-B10 #12] search(type=o, q="White v. Pauly QI clearly established officer arrived late deadly force per curiam") x1 + search_document(4151832,"do not by themselves create clearly established law outside an obvious case")x1[0,line-breaks] + read_document(4151832,[1,2]) · ok · White v. Pauly · opinion 4151832 (cluster 4374579; canonical URL /opinion/4374579/) · 580 U.S. 73 (2017), No. 16-67, decided 2017-01-09 (per curiam; Ginsburg concurring). IDENTITY CONFIRMED (Ray White et al. v. Daniel T. Pauly, est. of Samuel Pauly; NM State Police Truesdale/Mariscal/White; reckless-driving report; Paulys armed "We have guns"; White arrived late, shot Samuel w/o warning; §1983 excessive force; 10th Cir. denied QI). HOLDING: clearly established law must be particularized; Garner/Graham alone don't clearly establish outside an obvious case; late-arriving officer gets QI. quotes (slip op. 6) "it is again necessary to reiterate the longstanding principle that 'clearly established law' should not be defined 'at a high level of generality' ... the clearly established law must be 'particularized' to the facts of the case." (al-Kidd 563 U.S. 742; Anderson v. Creighton 483 U.S. 640) + (slip op. 6) "The panel majority misunderstood the 'clearly established' analysis: It failed to identify a case where an officer acting under similar circumstances as Officer White was held to have violated the Fourth Amendment." + (slip op. 7) "we have held that Garner and Graham do not by themselves create clearly established law outside 'an obvious case.'" (Brosseau 543 U.S. 199). PAGINATION: slip "580 U. S. ____ (2017)"; pins keyed to official case-start 73, slip op. 6-7 (verifiable). good law. homes=[[Section 1983 Liability and Qualified Immunity]] Key—Progeny + [[Use of Force]] Related.
1783105900 · [S5-B10 #13] [BORDERLINE-INGEST per runbook; home §1983/QI] search(type=o, q="Heck v. Humphrey Section 1983 damages imply invalidity conviction favorable termination", citation 512 U.S. 477) x1 + search_document(117864,"must prove that the conviction or sentence has been reversed...")x1[0,line-breaks] + search_document(117864,"whose unlawfulness would render a conviction or sentence invalid")x1[1] + search_document(117864,"that has not been so invalidated is not cognizable under")x1[0,§-symbol/line-break] · ok · Heck v. Humphrey · opinion 117864 (cluster 117864) · 512 U.S. 477 (1994), No. 93-6188, decided 1994-06-24 (Scalia, J.; Thomas concur; Souter concur in judgment w/ Blackmun/Stevens/O'Connor). IDENTITY CONFIRMED (Roy Heck; Indiana voluntary manslaughter killing wife; §1983 v. prosecutors + state police investigator re: unlawful investigation/destroyed exculpatory evidence/voice-ID; sought damages not release; 7th Cir.). HOLDING: favorable-termination requirement. quote *486-487 "We hold that, in order to recover damages for allegedly unconstitutional conviction or imprisonment, or for other harm caused by actions whose unlawfulness would render a conviction or sentence invalid, a §1983 plaintiff must prove [*487] that the conviction or sentence has been reversed on direct appeal, expunged by executive order, declared invalid by a state tribunal authorized to make such determination, or called into question by a federal court's issuance of a writ of habeas corpus." star *487 confirmed mid-sentence. good law (Heck bar; refined by Spencer v. Kemna / Wallace v. Kato). home=[[Section 1983 Liability and Qualified Immunity]] Key—Progeny (queue-hint "Related: favorable-termination bar").
1783106500 · [S5-B10 #14] search(type=o, q="Plumhoff v. Rickard deadly force high-speed chase QI fifteen shots", citation 572 U.S. 765) x1 + search_document(2675750,"the officers need not stop shooting until the threat has ended")x1[1] + read_document(2675750,chunk5) + read_document(2675750,chunk6) · ok · Plumhoff v. Rickard · opinion 2675750 (cluster 2675750) · 572 U.S. 765 (2014), No. 12-1117, decided 2014-05-27 (Alito, J., unanimous). IDENTITY CONFIRMED (Officer Vance Plumhoff et al. v. Whitne Rickard, admin. of Donald Rickard; West Memphis AR; broken-headlight stop -> 100+ mph 5-min chase; Rickard + passenger Kelly Allen killed by 15 shots). HOLDINGS: (1) deadly force to end dangerous chase reasonable; 15 shots not excessive; (2) alternatively QI. quotes *777 "it is beyond serious dispute that Rickard's flight posed a grave public safety risk, and here, as in Scott, the police acted reasonably in using deadly force to end that risk." + *777 "It stands to reason that, if police officers are justified in firing at a suspect in order to end a severe threat to public safety, the officers need not stop shooting until the threat has ended." + *778 "We have held that petitioners' conduct did not violate the Fourth Amendment, but even if that were not the case, petitioners would still be entitled to summary judgment based on qualified immunity." page-labels *776/*777/*778/*779 CONFIRMED (CL uses proper page-label markup; cites Scott v. Harris, al-Kidd, Brosseau, Garner/Graham). good law (totality analysis consistent w/ Barnes v. Felix 2025). homes=[[Use of Force]] Key—Progeny + [[Section 1983 Liability and Qualified Immunity]] Related.
1783107200 · [S5-B10 #15] search(type=o, q="San Francisco v. Sheehan QI mentally ill knife second entry ADA", citation 575 U.S. 600) x1 + search_document(2801435,"did not violate clearly established law")x1[0] + search_document(2801435,"qualified immunity because they did not violate any clearly established")x1[1] + read_document(2801435,chunk7) · ok · City and County of San Francisco v. Sheehan · opinion 2801435 (cluster 2801435) · 575 U.S. 600 (2015), No. 13-1412, decided 2015-05-18 (Alito, J.; Scalia+Kagan concur/dissent in part; Breyer recused). IDENTITY CONFIRMED (Teresa Sheehan schizoaffective, SF group home; Sgt. Kimberly Reynolds + Officer Kathrine Holder; knife threat; second entry; pepper spray + shots, survived; ADA + §1983). HOLDINGS: (1) ADA question DISMISSED as improvidently granted; (2) officers entitled to QI - no clearly established 4A violation. quotes (opening, U.S. 600) "we dismiss the first question as improvidently granted. We decide the second question and hold that the officers are entitled to qualified immunity because they did not violate any clearly established Fourth Amendment rights." + (p-52) "no precedent clearly established that there was not 'an objective need for immediate entry' here ... Without that 'fair notice,' an officer is entitled to qualified immunity." + (p-56, 135 S.Ct. 1778) "In sum, we hold that qualified immunity applies because these officers had no 'fair and clear warning of what the Constitution requires.'" PAGINATION: CL page-labels mix U.S.Reports + S.Ct.; pinned 600 (U.S. opening) + 135 S.Ct. 1778 (parallel, page-label confirmed after *1778 marker). good law. homes=[[Use of Force]] Key—Progeny + [[Section 1983 Liability and Qualified Immunity]] Related.
1783107800 · [S5-B10 #16] search(type=o, q="Kingsley v. Hendrickson pretrial detainee excessive force objective reasonableness", citation 576 U.S. 389) x1 + search_document(2811847,"a pretrial detainee must show only...")x1[0] + search_document(2811847,"purposely or knowingly used against him was objectively unreasonable")x1[0] + search_document(9808641,"objectively unreasonable")x1[6] · ok · Kingsley v. Hendrickson · LEAD opinion 9808641 (cluster 2811847; canonical URL /opinion/2811847/) · 576 U.S. 389 (2015), No. 14-6368, decided 2015-06-22 (Breyer, J., 5-4; Scalia dissent w/ Roberts/Thomas; Alito dissent). IDENTITY CONFIRMED (Michael Kingsley v. Stan Hendrickson; WI jail pretrial detainee; refused to remove paper over light; head slammed on bunk + Taser; §1983 14A excessive force; jury given subjective "reckless" instruction). HOLDING: pretrial-detainee 14A excessive force = OBJECTIVE reasonableness only. quote (*2473 / U.S. 396-397) "we agree with the dissenting appeals court judge, the Seventh Circuit's jury instruction committee, and Kingsley, that a pretrial detainee must show only that the force purposely or knowingly used against him was objectively unreasonable." page-label *2473 confirmed (dissent cross-ref "Ante, at 2473"); pin U.S. 396-397 (135 S.Ct. 2473). good law. homes=[[Use of Force]] Key—Progeny + [[Section 1983 Liability and Qualified Immunity]] Related.
1783108500 · [S5-B10 #17] [QUEUE-FLAGGED RECENT 2025 - identity confirmed] search(type=o, q="Barnes v. Felix excessive force totality moment of threat") x1 + search_document(11051434,"totality of the circumstances moment of the threat")x1[0,slip line-breaks] + read_document(11051434,[0,1]) + read_document(11051434,chunk3) · ok · Barnes v. Felix · opinion 11051434 (cluster 10584846; also dup cluster 10776852) · 605 U.S. 73 (2025), No. 23-1239, argued 2025-01-22, decided 2025-05-15 (Kagan, J., UNANIMOUS; Kavanaugh concur w/ Thomas/Alito/Barrett). IDENTITY CONFIRMED (Janice Hughes Barnes, est. of Ashtian Barnes; Officer Roberto Felix Jr.; Houston toll-violation stop; Felix jumped on doorsill of moving Corolla, 2 shots; §1983; 5th Cir. "moment-of-threat" rule). HOLDING: 4A excessive-force reasonableness = totality of circumstances, NO time limit; moment-of-threat rule rejected. quotes (slip op. 1) "Today, we reject that approach as improperly narrowing the requisite Fourth Amendment analysis. To assess whether an officer acted reasonably in using force, a court must consider all the relevant circumstances, including facts and events leading up to the climactic moment." + (slip op. 7) "A court deciding a use-of-force case cannot review the totality of the circumstances if it has put on chronological blinders." PAGINATION: slip "605 U. S. ____ (2025)" subject to formal revision; pins keyed to official case-start 73, slip op. 1/7. GOOD LAW (2025, unanimous; confirms Plumhoff totality; abrogates 5th Cir. moment-of-threat; left open QI + officer-created-danger). homes=[[Use of Force]] Key—Progeny + [[Section 1983 Liability and Qualified Immunity]] Related.
1783109100 · [S5-B10 #18] search(type=o, q="County of Sacramento v. Lewis high-speed pursuit substantive due process shocks the conscience", citation 523 U.S. 833) x1 + search_document(118214,"only a purpose to cause harm unrelated to the legitimate object of arrest...")x1[1] + search_document(118214,"high-speed chases with no intent to harm suspects physically or to worsen their legal plight")x1[1] · ok · County of Sacramento v. Lewis · opinion 118214 (cluster 118214) · 523 U.S. 833 (1998), No. 96-1337, decided 1998-05-26 (Souter, J.; multiple concurrences - Rehnquist, Kennedy+O'Connor, Breyer, Stevens, Scalia+Thomas). IDENTITY CONFIRMED (Sacramento County deputies James Everett Smith + Murray Stapp; motorcycle Brian Willard + 16yo passenger Philip Lewis; high-speed pursuit; Smith's patrol car struck/killed Lewis; §1983 14A). HOLDING: pursuit death w/o seizure -> 14A substantive due process; only purpose-to-cause-harm shocks the conscience (deliberate indifference insufficient). quotes *836 "We answer no, and hold that in such circumstances only a purpose to cause harm unrelated to the legitimate object of arrest will satisfy the element of arbitrary conduct shocking to the conscience, necessary for a due process violation." + *854 "Accordingly, we hold that high-speed chases with no intent to harm suspects physically or to worsen their legal plight do not give rise to liability under the Fourteenth Amendment, redressible by an action under §1983." good law (4A/14A boundary; Scott v. Harris later analyzes pursuit-with-seizure under 4A; cited in Kingsley). homes=[[Use of Force]] Key—Progeny + [[Section 1983 Liability and Qualified Immunity]] Related.
1783200000 · [S5-B11 #1] search(type=o, q="Brosseau v. Haugen QI shooting fleeing suspect vehicle clearly established", citation 543 U.S. 194) x1[cluster 137736] + get_endpoint_item(clusters/137736) x1 + read_document(137736,[0,1]) + read_document(137736,chunk2) · ok · Brosseau v. Haugen · opinion 137736 (cluster 137736) · 543 U.S. 194 (2004), No. 03-1261, decided 2004-12-13 (PER CURIAM; Breyer concur w/ Scalia+Ginsburg; Stevens dissent). HOLDING: QI for officer who shot fleeing suspect in vehicle in the back; Garner/Graham "cast at a high level of generality" & do not clearly establish answer except in obvious case; relevant fact-specific cases put conduct in "hazy border between excessive and acceptable force." Court expressed NO view on the constitutional merits, decided on QI step 2 alone. quotes p.198 "Qualified immunity shields an officer from suit when she makes a decision that, even if constitutionally deficient, reasonably misapprehends the law governing the circumstances she confronted"; p.199 "Graham and Garner, following the lead of the Fourth Amendment's text, are cast at a high level of generality"; p.201 "this area is one in which the result depends very much on the facts of each case. None of them squarely governs the case here; they do suggest that Brosseau's actions fell in the 'hazy border between excessive and acceptable force'"; p.201 "The cases by no means 'clearly establish' that Brosseau's conduct violated the Fourth Amendment." good law. home=[[Use of Force]] Key-Progeny + [[Section 1983 Liability and Qualified Immunity]] Related
1783200600 · [S5-B11 #2] search(type=o, q="Kisela v. Hughes QI shooting woman knife specificity per curiam", citation 584 U.S. 100) x1[cluster 4482892] + get_endpoint_item(clusters/4482892)x1[sub_op 4260145] + read_document(4260145,[0,1]) + read_document(4260145,[2,3]) · ok · Kisela v. Hughes · cluster 4482892 → lead opinion 4260145 (URL /opinion/4482892/) · 584 U.S. 100 / 138 S. Ct. 1148 (2018), No. 17-467, decided 2018-04-02 (PER CURIAM; Sotomayor dissent joined Ginsburg). HOLDING: QI for officer who shot woman holding large kitchen knife within ~6 ft of another woman after ignoring ≥2 commands to drop it; clearly-established law in force cases must be defined at high specificity; officers get QI unless precedent "squarely governs" specific facts. Court assumed arguendo a 4A violation, decided on QI. quotes 138 S.Ct. at 1152 "Qualified immunity attaches when an official's conduct does not violate clearly established statutory or constitutional rights of which a reasonable person would have known" (quoting White v. Pauly) + "not to define clearly established law at a high level of generality"; at 1153 "Use of excessive force is an area of the law 'in which the result depends very much on the facts of each case,' and thus police officers are entitled to qualified immunity unless existing precedent 'squarely governs' the specific facts at issue" (quoting Mullenix); "Garner and Graham do not by themselves create clearly established law outside an 'obvious case'"; app "far from an obvious case in which any competent officer would have known that shooting Hughes to protect Chadwick would violate the Fourth Amendment." good law. home=[[Use of Force]] Key-Progeny + [[Section 1983 Liability and Qualified Immunity]] Related
1783201200 · [S5-B11 #3] search(type=o, q="Banks v. Dretke Brady withheld paid informant due diligence", citation 540 U.S. 668) x1[cluster 131165] + get_endpoint_item(clusters/131165)x1[lead op 131165] + search_document(131165,"prosecutor may hide, defendant must seek")x1[1@56263] + read_document(131165,chunk7) + search_document(131165,"three components")x1[2@39309/40033] + read_document(131165,chunk4) · ok · Banks v. Dretke · opinion 131165 (cluster 131165) · 540 U.S. 668 (2004), No. 02-8286, decided 2004-02-24 (Ginsburg, J.; Thomas concur/dissent in part w/ Scalia). HOLDING: Brady violation where State concealed that key prosecution witness (Farr) was a paid police informant & represented it disclosed everything; defendant's failure to discover concealed evidence does not forfeit the claim. quotes p.691 three components (quoting Strickler 527 U.S. 281-282) "The evidence at issue must be favorable to the accused, either because it is exculpatory, or because it is impeaching; that evidence must have been suppressed by the State, either willfully or inadvertently; and prejudice must have ensued"; p.696 "A rule thus declaring 'prosecutor may hide, defendant must seek,' is not tenable in a system constitutionally bound to accord defendants due process"; p.698 "Nothing in Roviaro... suggests that the State can examine an informant at trial, withholding acknowledgment of his informant status in the hope that defendant will not catch on"; "It was not incumbent on Banks to prove these representations false; rather, Banks was entitled to treat the prosecutor's submissions as truthful." good law. home=[[Brady and Giglio]] Key-Progeny
1783201800 · [S5-B11 #4] search(type=o, q="United States v. Agurs Brady materiality no request exculpatory disclose", citation 427 U.S. 97) x1[cluster 109506] + search_document(109506,"reasonable doubt that did not otherwise exist")x1[2@23282/27345] + search_document(109506,"denial of the defendant's right to a fair trial")x1[1@16878] · ok · United States v. Agurs · opinion 109506 (cluster 109506) · 427 U.S. 97 (1976), No. 75-491, decided 1976-06-24 (Stevens, J.; Marshall dissent w/ Brennan). HOLDING: prosecutor's duty to disclose obviously exculpatory evidence exists even absent a request, but only material omissions are constitutional error; no-request materiality = omitted evidence "creates a reasonable doubt that did not otherwise exist." quotes p.108 "the prosecutor will not have violated his constitutional duty of disclosure unless his omission is of sufficient significance to result in the denial of the defendant's right to a fair trial"; p.112 "if the omitted evidence creates a reasonable doubt that did not otherwise exist, constitutional error has been committed. This means that the omission must be evaluated in the context of the entire record." TREATMENT=limited: Agurs's three-situation differential materiality test (incl. no-request "reasonable doubt that did not otherwise exist") SUPERSEDED by single "reasonable probability" standard of United States v. Bagley 473 U.S. 667 (1985); core disclosure-duty survives. tier 1 Binding-SCOTUS (not overruled). home=[[Brady and Giglio]] Key-Progeny; by=[[United States v. Bagley]]
1783202400 · [S5-B11 #5] search(type=o, q="Cone v. Bell Brady suppressed evidence sentencing procedural default", citation 556 U.S. 449) x1[cluster 145883] + search_document(145883,"material either to guilt or to punishment")x1[0] + search_document(145883,"evidence that is material to his guilt or punishment")x1[0] + search_document(145883,"favorable to the accused")x1[0] + search_document(145883,"material to the defendant's guilt or punishment")x1[0] + search_document(145883,"reasonable probability")x1[12] + read_document(145883,chunk7) · ok · Cone v. Bell · opinion 145883 (cluster 145883) · 556 U.S. 449 (2009), No. 07-1114, decided 2009-04-28 (Stevens, J.; Roberts concur in part; Thomas dissent w/ Alito in part). NOTE: CL html_with_citations is the SLIP opinion (paginated "556 U.S. ___" w/ slip pages); slip page + 449 = U.S. Reports page (verified: slip p.3 Part I = 452; slip p.20-21 = 469-470). HOLDING: Brady disclosure duty reaches evidence material to PUNISHMENT not only guilt; state court's mistaken "previously determined" ruling does not bar federal habeas; suppressed drug-impairment evidence not material to guilt but lower courts failed to assess materiality to death sentence → vacate/remand. quotes 556 U.S. 469 "when the State withholds from a criminal defendant evidence that is material to his guilt or punishment, it violates his right to due process of law in violation of the Fourteenth Amendment"; 470 "evidence is 'material' within the meaning of Brady when there is a reasonable probability that, had the evidence been disclosed, the result of the proceeding would have been different"; 470 n.15 "the obligation to disclose evidence favorable to the defense may arise more broadly under a prosecutor's ethical or statutory obligations"; 469 "Cone properly preserved and exhausted his Brady claim in the state court; therefore, it is not defaulted." good law. home=[[Brady and Giglio]] Key-Progeny
1783203000 · [S5-B11 #6] [QUEUE-FLAGGED RECENT 2025 - identity confirmed; distinct from Glossip v. Gross 576 U.S. 863 (2015)] search(type=o, q="Glossip v. Oklahoma Napue false testimony correct prosecutor new trial 2025", filed_after 2024-06-01) x1[3 clusters: 10776870/10339023/10339193-revisions] + get_endpoint_item(clusters/10339023)x1[sub_op 10805611] + read_document(10805611,chunk0) + read_document(10805611,chunk1) + search_document(10805611,"could in any reasonable likelihood have affected the judgment of the jury")x1[0] + search_document(10805611,"reasonable likelihood that the false testimony could have affected")x1[0] + search_document(10805611,"reasonable likelihood")x1[4] + read_document(10805611,chunk7) · ok · Glossip v. Oklahoma · cluster 10339023 → lead opinion 10805611 (URL /opinion/10339023/) · 604 U.S. 226 (2025), No. 22-7466, argued 2024-10-09, decided 2025-02-25 (Sotomayor, J.; Roberts/Kagan/Kavanaugh/Jackson join, Barrett join Part II; Barrett concur/dissent in part; Thomas dissent w/ Alito; Gorsuch recused). SLIP opinion "604 U.S. ___ (2025)" subject to formal revision; pins keyed to start page 226 + (slip op., at N). HOLDING: prosecution's knowing failure to correct key witness Sneed's false testimony (denied bipolar dx / lithium prescription) violated Napue v. Illinois 360 U.S. 264 duty to correct false testimony; Sneed was ONLY direct evidence so credibility necessarily determinative → reasonable likelihood of affecting verdict → new trial (no remand). Jurisdiction: OCCA procedural bar not independent/adequate state ground (turned on antecedent federal Napue ruling). quotes slip op. 2 Napue "held that prosecutors have a constitutional obligation to correct false testimony"; slip op.16-17 "To establish a Napue violation, a defendant must show that the prosecution knowingly solicited false testimony or knowingly allowed it 'to go uncorrected when it appear[ed]'"; "a new trial is warranted so long as the false testimony 'may have had an effect on the outcome of the trial,'... 'in any reasonable likelihood [could] have affected the judgment of the jury'" (Giglio 405 U.S. 154 quoting Napue 360 U.S. 271); slip op.19 "Because Sneed's testimony was the only direct evidence of Glossip's guilt of capital murder, the jury's assessment of Sneed's credibility was necessarily determinative here." good law. home=[[Brady and Giglio]] Key-Progeny
1783203600 · [S5-B11 #7] search(type=o, q="Mooney v. Holohan knowing use perjured testimony due process deliberate deception", citation 294 U.S. 103) x1[cluster 102372] + search_document(102372,"deliberate deception of court and jury by the presentation of testimony known to be perjured")x1[1@6721] · ok · Mooney v. Holohan · opinion 102372 (cluster 102372) · 294 U.S. 103 / 55 S. Ct. 340 (1935), decided 1935-01-21 (PER CURIAM). HOLDING: knowing prosecutorial use of perjured testimony to obtain a conviction violates 14A due process (foundational precursor of Napue/Giglio/Brady); BUT leave to file original habeas DENIED for failure to exhaust state remedies. quote p.112 "It is a requirement that cannot be deemed to be satisfied by mere notice and hearing if a State has contrived a conviction through the pretense of a trial which in truth is but used as a means of depriving a defendant of liberty through a deliberate deception of court and jury by the presentation of testimony known to be perjured. Such a contrivance by a State to procure the conviction and imprisonment of a defendant is as inconsistent with the rudimentary demands of justice as is the obtaining of a like result by intimidation"; "the action of prosecuting officers on behalf of the State... may constitute state action within the purview of the Fourteenth Amendment." good law (core principle). home=[[Brady and Giglio]] Key-Anchor (historical origin)
1783204200 · [S5-B11 #8] [ENGLISH ORIGIN — NO CL RECORD; web-discovery per L2/L6, no CL call] WebSearch x2 + WebFetch(en.wikipedia.org/wiki/Entick_v_Carrington)x1 + WebSearch(pinpoint)x1 · ok · Entick v. Carrington · NO CourtListener record (correct — pre-modern English case). citation 19 How. St. Tr. 1029 (C.P. 1765); 95 Eng. Rep. 807; 2 Wils. K.B. 275; neutral [1765] EWHC KB J98. COURT = Court of Common Pleas (Lord Camden CJ) — NOTE: runbook said "King's Bench" but authoritative sources confirm COMMON PLEAS; "Wils. K.B." is the reporter series name, not the court; recorded court accurately per L1 + flagged in report. HOLDING: general warrant to break into home & seize papers for seditious libel is illegal; every invasion of private property requires positive legal authority. quotes (verbatim via Howell's State Trials / English Reports) 95 Eng. Rep. 817 / 19 How. St. Tr. 1066 "By the laws of England, every invasion of private property, be it ever so minute, is a trespass. No man can set his foot upon my ground without my licence, but he is liable to an action, though the damage be nothing"; "If it is law, it will be found in our books. If it is not to be found there, it is not law." authority_weight=Historical (tier 6); treatment good; identity_checked=true (authoritative report). home=[[Common Law Origins]] Key-Anchor(origin) + [[The Warrant Requirement]] Related
1783204800 · [S5-B11 #9] [ENGLISH ORIGIN — NO CL RECORD; web-discovery per L2/L6, no CL call] WebSearch x1 + WebFetch(press-pubs.uchicago.edu/founders/documents/amendIVs4.html)x1 · ok · Wilkes v. Wood · NO CourtListener record (correct — pre-modern English case). citation 19 How. St. Tr. 1153 (C.P. 1763); 98 Eng. Rep. 489; Lofft 1. COURT = Court of Common Pleas (Pratt CJ, later Lord Camden) — founders source explicitly "C.P. 1763"; runbook's "King's Bench" corrected per L1 + flagged in report. HOLDING: general warrant naming no offender & authorizing seizure of unidentified suspects' papers is unlawful & "totally subversive of the liberty of the subject"; jury may award exemplary damages to punish & deter (£1,000 verdict for Wilkes). quotes (verbatim via Founders' Constitution / English Reports) 98 Eng. Rep. 498-499 "If such a power is truly invested in a Secretary of State, and he can delegate this power, it certainly may affect the person and property of every man in this kingdom, and is totally subversive of the liberty of the subject"; "Damages are designed not only as a satisfaction to the injured person, but likewise as a punishment to the guilty, to deter from any such proceeding for the future, and as a proof of the detestation of the jury to the action itself." authority_weight=Historical (tier 6); treatment good; identity_checked=true (authoritative report). home=[[Common Law Origins]] Key-Anchor(origin) + [[The Warrant Requirement]] Related
1751306400 · [S6-CL/8 #1 Garner] search(type=o, citation="416 F.3d 1208") x1 -> cluster 166206 + get_endpoint_item(clusters/166206) x1 [Published, citeCount 40, sub_opinion=166206] + search_document(166206,"caretaking") x1[13] + read_document(166206, chunk 1) x1 + read_document(166206, chunks[0,4]) x1 · ok · United States v. Garner · opinion 166206 · 416 F.3d 1208 (10th Cir. 2005), decided 2005-07-27 (Henry, J.). IDENTITY CONFIRMED (man reported unconscious in a field for hours; Officer Boyd + fire dept; felon-in-possession 922(g)(1); handgun+burglary tools; AFFIRM denial of suppression). HOLDING: 3-part community-caretaking-DETENTION-OF-A-PERSON test — (1) "specific and articulable facts which ... reasonably warrant [an] intrusion" *1213; (2) "the government's interest must outweigh the individual's interest in being free from arbitrary governmental interference" *1213; (3) "the detention must last no longer than is necessary ... scope must be carefully tailored to its underlying justification" *1213; plus once-purpose-satisfied needs independent RS: "Once the officer has completed the inquiry ... must allow the person to proceed unless ... reasonable suspicion of criminal conduct" *1213. ALL pin *1213 CONFIRMED verbatim. good law (Published, 40 cites; Caniglia 2021 = home-only, does not disturb). home=[[Community Caretaking]] Key—Anchor (persons-in-public). weight=Binding in-circuit — 10th Cir.
1751306640 · [S6-CL/8 #2 Rideau] search(type=o, citation="969 F.2d 1572") x1 -> cluster 587275 + get_endpoint_item(clusters/587275) x1 [Published, citeCount 157, sub_opinions 9483168(maj)/9483169(diss)/587275(canonical combined)] + search_document([587275,9483168,9483169],"roadway") x1 + read_document(9483168, chunks[0,1]) x1 + read_document(9483168, chunk 2) x1 · ok · United States v. Rideau (Izeal Rideau, Jr.) · opinion 587275 (URL); majority text = 9483168 · 969 F.2d 1572 (5th Cir. 1992) (EN BANC), decided 1992-08-14 (Higginbotham, J.). IDENTITY CONFIRMED (Beaumont TX, Officer Ellison, man intoxicated standing in roadway, backed away, patdown found gun, felon-in-possession 922(g)(1); en banc reversed panel). HOLDING (public-welfare/community-caretaking applied to a PERSON): "Police have long served the public welfare by removing intoxicated people from the public streets, where they pose a hazard to themselves and others" *1574 (cites Powell v. Texas; Cady community-caretaking); "Officer Ellison was warranted in stopping to investigate the situation and check on the man's condition" *1574; frisk: "A reasonably prudent man in Ellison's situation could have believed that his safety and that of his partner was in danger" *1574; "police officers must have specific and articulable facts indicating that their safety is in danger to justify a patdown" *1576; disposition "AFFIRMED" *1577. Pins *1574 + *1576 CONFIRMED verbatim (corrected an initial mis-merge that put the *1576 patdown-rule sentence under *1574). good law (Published, 157 cites). home=[[Community Caretaking]] Key—Progeny. weight=Binding in-circuit — 5th Cir.
1751306880 · [S6-CL/8 #3 Barnette] search(type=o, citation="5 F.4th 872") x1 -> cluster 4900401 + get_endpoint_item(clusters/4900401) x1 [Published, citeCount 49, sub_opinion 4704180] + search_document(4704180,"community caretaking") x1[7] + search_document(4704180,"probable cause to believe") x1[3] + read_document(4704180, chunks[3,4]) x1 + read_document(4704180, chunk 0) x1 · ok · Graham v. Barnette (Teresa M. Graham v. Sgt. Shannon L. Barnette et al.) · opinion 4704180 · 5 F.4th 872 (8th Cir. 2021), No. 19-2512, decided 2021-07-16 (Gruender, J.). IDENTITY CONFIRMED (Minneapolis; Officers Noor/Sanchez/Sgt Barnette; warrantless home entry + seizure for mental-health eval under MN civil-commitment statute; §1983; on REMAND from SCOTUS in light of Caniglia, prior op 970 F.3d 1075 vacated). HOLDING: post-Caniglia "community caretaking" label for psychiatric seizures "seems to be a category error" (slip op. 10); "probable cause of dangerousness is the standard that must be met for a warrantless mental-health seizure to be reasonable under the Fourth Amendment" (slip op. 10); 9+ sister circuits agree (slip op. 10-11); BUT officers got qualified immunity because PC-of-dangerousness standard was NOT clearly established (some precedents suggested lower reasonable-belief). Pins = slip-op pages (CL carries slip opinion; no F.4th star pagination in text), mirrors French v. Merrill convention. good law (Published, 49 cites). home=[[Community Caretaking]] Key—Progeny/Limit. weight=Binding in-circuit — 8th Cir.
1751307120 · [S6-CL/8 #4 Walker] search(type=o, court=ca11, case_name="Walker", q="knock and talk implied license back door small departure") x1 -> cluster 2844024 (799 F.3d 1361) + get_endpoint_item(clusters/2844024) x1 [Published, citeCount 37, sub_opinion 2844024] + search_document(2844024,"departure") x1[2] + read_document(2844024, chunks[0,1]) x1 · ok · United States v. Walker (Wayne Walker) · opinion 2844024 · 799 F.3d 1361 (11th Cir. 2015), decided 2015-09-03 (PER CURIAM). IDENTITY CONFIRMED (Macon GA; officers seeking Upshaw; knocked main+second door at 9pm & 11pm no answer; ~5:04 a.m. approached Honda Civic in open-sided carport, occupant=Walker; consent to enter; plain-view counterfeit $100 bills; §471; AFFIRMED denial of suppression). HOLDING: "The scope of the knock and talk exception is limited in two respects. First, it ceases where ... 'objectively reveals a purpose to conduct a search.' ... Second, ... geographically limited to the front door or a 'minor departure' from it" *1363; "approaching Walker's vehicle parked inside of his open-sided carport, instead of going to his front door, did not exceed the geographic limit ... A 'small departure from the front door ... when seeking to contact the occupants' is permissible" *1364 (quoting Taylor 458 F.3d at 1205); pre-dawn knock-and-talk "is not considered a search" so no exigency required *1364 & n.1. Pins *1363, *1364 CONFIRMED verbatim. good law (Published, 37 cites). home=[[Knock and Talk]] Recent development (role-based). weight=Binding in-circuit — 11th Cir. NOTE: cite web/CL-discovered via holding-language search (no cite supplied in task).
1751307360 · [S6-CL/8 #5 Carloss] search(type=o, citation="818 F.3d 988") x1 -> cluster 3184928 + get_endpoint_item(clusters/3184928) x1 [Published, citeCount 52, sub_opinions 9822082/83/84 + 3184893(canonical combined)] + search_document(3184893,"No Trespassing") x1[81] + search_document(3184893,"dissenting") x1[5] · ok · United States v. Carloss (Ralph Carloss) · opinion 3184893 · 818 F.3d 988 (10th Cir. 2016), No. 13-7082, decided 2016-03-11. IDENTITY CONFIRMED (tip of machine gun; "No Trespassing" signs in unenclosed yards/driveway + front-door "Posted Private Property Hunting Fishing Trapping..." sign; Wilson answered, Carloss came from back; consented to entry; AFFIRMED denial of suppression). HOLDING: "Ordinarily a police officer, like any citizen, has an implied license to approach a home, knock on the front door, and ask to speak with the occupants"; on these facts those signs "would not have conveyed to an objective officer that he could not approach the house and knock" (slip op. 1-2); inquiry "measured...by what an objective officer would have perceived" not subjective intent (slip op. 10); "just the presence of a 'No Trespassing' sign is not alone sufficient... do not have the talismanic quality" (slip op. 11); no post-Jardines authority that a sign alone revokes the license (slip op. 11). GORSUCH, Circuit Judge, DISSENTING (signs+purpose revoked license; entry=search) — illustrates split. Pins = slip-op pages (CL carries slip opinion). good law (Published, 52 cites). home=[[Knock and Talk]] Illustrates a circuit split. weight=Binding in-circuit — 10th Cir. NOTE: majority author NOT confirmed in returned text -> not asserted.
1751307600 · [S6-CL/8 #6 Lundin] search(type=o, citation="817 F.3d 1151") x1 -> cluster 3187682 + get_endpoint_item(clusters/3187682) x1 [Published, citeCount 65, sub_opinion 3187625] + search_document(3187625,"implicit license") x1[1] + read_document(3187625, chunks[0,2,3]) x1 · ok · United States v. Lundin (Eric Lundin) · opinion 3187625 · 817 F.3d 1151 (9th Cir. 2016), decided 2016-03-22 (W. Fletcher, J.). IDENTITY CONFIRMED (Humboldt County/Arcata CA; ~4:00 a.m. April 23 2013; porch knock with intent to arrest after Hinds kidnap report; crashing noises -> backyard arrest -> search found 2 handguns open view; district court suppressed; AFFIRMED). HOLDING: knock-and-talk scope "coterminous with th[e] implicit license"; officers exceeded it "[f]or two reasons" — (1) TIME: "unexpected visitors are customarily expected to knock on the front door of a home only during normal waking hours"; here ~4:00 a.m. w/o evidence resident accepted visitors then or sufficiently weighty reason *1159; (2) PURPOSE: license "limited to the 'purpose of asking questions of the occupants'"; "[o]fficers who knock ... for other purposes generally exceed the scope" *1159; post-Jardines exception "depends at least in part on an officer's subjective intent" and "does not apply when officers encroach upon the curtilage of a home with the intent to arrest the occupant" *1160; officer-created exigency barred (Kentucky v. King). Pins *1159, *1160 CONFIRMED verbatim (CL has F.3d star pagination). good law (Published, 65 cites). homes=[[Knock and Talk]] Illustrates a circuit split + [[Curtilage]] Related (cross-doctrine). weight=Binding in-circuit — 9th Cir.
1751307840 · [S6-CL/8 #7 Osage] search(type=o, citation="235 F.3d 518") x1 -> cluster 160502 + get_endpoint_item(clusters/160502) x1 [Published, citeCount 34, sub_opinion 160502] + search_document(160502,"destroy or render completely useless") x1[1] + read_document(160502, chunks[0,2]) x1 · ok · United States v. Osage (David Blake Osage) · opinion 160502 · 235 F.3d 518 (10th Cir. 2000), decided 2000-12-15 (Stephen H. Anderson, J.). IDENTITY CONFIRMED (Amtrak Albuquerque; Officer Salazar; consent "yeah, I guess"; four "tamales in gravy" cans; can re-glued/felt like salt; opened with Leatherman -> methamphetamine; §841; district court denied suppression; REVERSED & REMANDED). HOLDING: scope of consent = objective reasonableness (Jimeno) *520; general consent reaches containers that could hold contraband BUT "we do not read that authority to permit the destruction of such containers" *521; "We therefore hold that, before an officer may actually destroy or render completely useless a container which would otherwise be within the scope of a permissive search, the officer must obtain explicit authorization, or have some other, lawful, basis upon which to proceed" *522. Pins *520/*521/*522 CONFIRMED verbatim (CL F.3d star pagination). good law (Published, 34 cites). home=[[Consent Searches]] Limiting. weight=Binding in-circuit — 10th Cir.
1751308080 · [S6-CL/8 #8 Newman] search(type=o, case_name="Newman v. Underhill") x1 -> cluster 10382777 (134 F.4th 1025) + get_endpoint_item(clusters/10382777) x1 [Published, citeCount 2, sub_opinion 10849365] + search_document(10849365,"pursuit") x1[27] + read_document(10849365, chunk 3) x1 · ok · Newman v. Underhill · opinion 10849365 · 134 F.4th 1025 (9th Cir. 2025), decided 2025-04-23 (Graber, J.; Graber/Hamilton(7th, by desig.)/Bumatay). IDENTITY CONFIRMED — 2025 identity verified carefully (San Bernardino Co Sheriff deputies; §1983; Deputy Underhill pursued fleeing Silverado driver Richard Delacruz after failure-to-yield felony; lost sight near 4083 Camellia Dr = plaintiff Michael Newman's home; ~9-min gap; entered warrantless; Delacruz = Newman's roommate; district court SJ for deputies on hot-pursuit; AFFIRMED). HOLDING: hot-pursuit needs (A) PC + (B) exigency = "immediate" and "continuous" pursuit from scene of crime (slip op. 10, quoting Johnson 256 F.3d 895/Welsh); Santana "may not defeat an arrest ... by the expedient of escaping to a private place" (slip op. 8); waiting for backup "delay[s], but [does] not br[eak]" continuity (slip op. 12); 9-min "pause" far shorter than continuity-breaking 30-min gap in Johnson, Underhill kept reasonably good idea of suspect location + actively worked to apprehend -> continuity INTACT (slip op. 13); felony offense so Lange misdemeanor limit not implicated. Pins = slip-op pages (CL carries slip opinion; no F.4th star pagination). good law (Published, 2 cites; 2025). home=[[Exigent Circumstances and Hot Pursuit]] Recent development (role-based). weight=Binding in-circuit — 9th Cir. NOTE: cite web/CL-discovered (no cite supplied); post-2015 cluster->lead opinion resolved (10382777->10849365). NOTE: circuit's 30-min continuity precedent (Johnson) described functionally in body to avoid bare/incorrect case link.
1751320000 · [S9-ADJ tier-reprobe + adjudications 1-3] search(type=o,court=scotus,case_name=Chatrie) x1 -> ONLY cluster 10881683 (No.25-112, dateFiled 2026-06-29, court=scotus, citation=[]); search(type=o,court=scotus,q="geofence Google Location History") x1 -> same single cluster 10881683; read_document(10881683, chunk0) x1 -> TEXT IS *Larry L. Harmon v. ABC 2 News Station*, E.D. Wis. 24-cv-600, statute-of-limitations dismissal — CONFIRMS CL object 10881683 is CORRUPTED (index metadata says Chatrie/SCOTUS but underlying opinion = Harmon). CL has NO trustworthy SCOTUS Chatrie object. get_endpoint_item(clusters/10881683) errored (invalid field 'court'), not retried (read_document sufficed). VERDICT: Chatrie decision confirmed via WEB L2 (Wikipedia, SCOTUSblog, IAPP, Cornell LII, EPIC, Justia all report SCOTUS decided No.25-112 on 2026-06-29, 6-3 Kagan, geofence/Location-History acquisition IS a 4A search, did NOT hold geofence warrants categorically unconstitutional, remanded downstream warrant questions). slip-op PDF supremecourt.gov 403-blocks agent fetch. CL-confirm: PENDING (never ingest 10881683). tier: NEW (>=20/min, no throttle across ~9 calls). · ok
1751320100 · [S9-ADJ #2 Moore-Bush] search(type=o,case_name=Moore-Bush) x1 -> clusters 6476395 (36 F.4th 320, en banc 2022-06-09) + 6476396 (2022) + 4761440 (963 F.3d 29, panel 2020) + 7335970 (D.Ct 381 F.Supp.3d 139); get_endpoint_item(clusters/6476395) x1 [Published, citeCount 11, sub_opinion 6348506, 36 F.4th 320]; search_document(6348506,"good faith") x1[4] + search_document(6348506,"reverse") x1[6] · ok · United States v. Moore-Bush (en banc 1st Cir.) · opinion 6348506 · 36 F.4th 320 (1st Cir. 2022). DISPOSITION CONFIRMED VERBATIM: "Per curiam. The district court order granting Daphne Moore and Nia Moore-Bush's motions to suppress is unanimously reversed by the en banc court. We remand with instructions to deny the motions to suppress." Six judges split 3-3 on WHETHER 8 months of pole-camera surveillance of home curtilage is a 4A search (one bloc: Carpenter mosaic = search; other bloc: no search), but ALL agreed the *Davis* good-faith exception (reliance on then-binding circuit precedent *United States v. Bucci*) required reversal -> evidence ADMITTED, suppression REVERSED. ADJUDICATION: Two Definitions of Search.md ("admitted... good-faith saved it either way") = CORRECT/UPHELD; Curtilage.md ("the tie affirmed suppression below") = WRONG -> fix. good law (Published, 11 cites). weight=Binding in-circuit — 1st Cir.
1751320200 · [S9-ADJ #3 Knight] search(type=o,citation="300 F.3d 1272") x1 -> cluster 778847 · Arthur Knight v. Jacobson (Officer, Badge 3359) · 300 F.3d 1272 (11th Cir. 2002), decided 2002-09-18, docket 01-15506 · URL https://www.courtlistener.com/opinion/778847/arthur-knight-v-jacobson-officer-badge-3359-individual/ · ok · verified opinion URL to add to Arrest in the Home Sources.
1751321000 · [S9-ADJ #4 good-law batch] analyze_citations(text=corpus cites b1, 226 uniq) -> 226/226 verified (Job 13509c1a; result saved to tool-results file, read via grep); analyze_citations(text=b2, 227 uniq) -> upstream citation-lookup RATE LIMIT (Job b0548cdc, retry ~169s) -> resume_citation_analysis(b0548cdc, wait=true) -> 227/227 verified. COMBINED 453 unique cites, 0 hallucinations (188 "name differs" WARNINGs are blob-format artifacts). NOT FOUND all real (CL reporter-index gaps): Heien 574 U.S. 54 (CL indexes as 135 S.Ct.530 cl2760668, verified via search), Riley 573 U.S. 373, People v. Hughes 506 Mich.512, State v. Mitcham 258 Ariz.435, State v. Volle 580 P.3d 1223, US v. Morton 46 F.4th 331. 0 newly-negative-treated. · ok
1751321100 · [S9-ADJ #6 watch-list] get_endpoint_item(clusters) x6: Zorn v. Linton 10813527 (2026-03-23 Published), Martin v. United States 10776839 (605 U.S. 395, 2025-06-12 Published), US v. Mark Anthony Trent 10855903 (2026-05-07 UNPUBLISHED), US v. Ryan Mendoza 10771114 (2026-01-08 Published), Case v. Montana 10774335 (2026-01-14 Published), US v. Hunt 10661637 (2025-08-27 Published); search(case_name=Heien) -> cl2760668 SCOTUS 2014 (135 S.Ct.530). FINDINGS: Martin cite corpus=605 U.S. 371 but CL+web=605 U.S. 395 -> FIXED. · ok
1751321200 · [S9-ADJ #5 identity meta-audit + #6 Zorn] search_document(" v. ", opinion_id lists x4 = 40 sampled corpus opinion_ids) -> 40/40 resolve + caption/name match (100% pass). search_document(107473,"MUNICIPAL COURT")=0 but 107473 confirmed Camara (opinion discusses Frank v. Maryland, which Camara overruled). search_document(10813527,"qualified immunity")=0 -> read_document(10813527,chunk0): TEXT IS *Strike 3 Holdings, LLC v. John Doe* (D.D.C. BitTorrent copyright) -> CL object 10813527 CORRUPTED (2nd corrupted object; Zorn indexed but wrong text). Zorn web-confirmed real (SCOTUS 25-297, 607 U.S. ___, 2026-03-23, per curiam QI reversal) -> FIXED source line. · ok
1751321300 · [S9-ADJ #7 slip-op pinpoints] read_document(4426344 [Cano],chunk1): slip-opinion pagination ("UNITED STATES V. CANO / 4"), NO F.3d reporter star-pagination -> confirms CL carries slip opinion. All 7 CC-2 cases (Graham v. Barnette/Carloss/French v. Merrill/Cotterman/Cano/August/Newman) KEEP slip-op (no fabrication). · ok
%d · [R8-CONSOLIDATED-REPAIR R1 re-keys #1-13] 13x (--readjudicate <id> --smoke <id>, scoped per-record; 2 CL calls each = 26 total) · ok · R1 identity re-keys applied: apply-web-keys(13 offline) then per-record frontier readjudication. All 13 landed verified_identity canonical_name_match=true at corrected clusters: austin 9140366->112904 (509 U.S. 602); bennis 9159725->118005 (516 U.S. 442); board-bryan-county 9167020->118104 (520 U.S. 397); scott 9020551->109860 (436 U.S. 128); giordano 109022->109020 (416 U.S. 505); g-m-leasing 9017014->109579 (429 U.S. 338); quantity-of-copies 107502->106878 (378 U.S. 205); alvarez 9361139->4536189 (904 F.3d 382 ca5 en banc); maez 7355106->521939 (872 F.2d 1444 ca10); owen 8922609->110236 (445 U.S. 622); donovan 347744->109584 (429 U.S. 413); frank-v-maryland 793662->105880 (359 U.S. 360); robbins 2262192->110558 (453 U.S. 420). 13 reset-orphan pending shells removed+journaled (packet-A precedent); bijection 662=662. 0x429. SCOPED per-record via --smoke because unscoped --readjudicate-file build loop would now re-fetch/overwrite the 15 W1-minted under_review page records (post-W1 hazard absent when packet A ran the batch form).
%d · [R8-CONSOLIDATED-REPAIR R2 bulk court_level re-derive] 0 CL calls (--repair-identity-from-cache, max_calls=0 cache-only) · ok · Fed 122 verified_identity court_level in {None,other} records to --repair-identity-from-cache. 64 SCOTUS repaired cache-served (court_level->scotus, court_id->scotus, bare-year court e.g. ziglar "2017"->"U.S. Supreme Court", year/date_decided from cluster; authority_weight Historical->Binding-SCOTUS); 58 queued-for-lane (41 coa + 17 state, tool refuses to guess circuit/state). 0 cache-misses -> paced lane NOT needed. Re-scan: ZERO verified_identity records w/ U.S.-Reports cite still Historical. Edge: zorn-v-linton--10813527 (SCOTUS per-curiam but CL cluster 10813527 KNOWN-CORRUPT=Strike-3-Holdings text) + chapman-v-california--8428427 (cluster 8428427 cite 137 S.Ct.389 2016 != Chapman merits 386 U.S.18, mis-key; packet-B EXCLUDE-remit) both remain court_level=None (no clean U.S. cite; not minted pages). Remaining scope: 41 coa + 17 state court_level=other still project Historical (finding #2; needs coa/state derivation or per-record readjudicate — orchestrator decision). Journaled per row (step r8.identity-repair).
%d · [R8-CONSOLIDATED-REPAIR R3-escalations black/young/williams/lewis] 8 CL calls (4x --readjudicate <id> --smoke <id>, 2 calls each) + cache-reads(0-CL) + web-dual-leg(0-CL) · ok · All 4 R3 escalations were the SAME frontier mis-key class: roster year field UNSET -> frontier search grabbed a recent 2025 same-surname case (young 10687648=2025-10-02, williams 10670874=2025-09-12, lewis 10640348=Raymond-Lewis-2025-07-24, black 10355347=Eural-Black-2025-03-12) instead of the intended case in roster court_era. Ground-truthed current clusters via HTTP cache (0-CL). Dual-leg web-verified intended cases (each matches its doctrine home): black->Nathaniel Black 707 F.3d 531 (4th Cir 2013, Terry/RS)->cluster 821235; young->Shane Young 964 F.3d 938 (10th Cir 2020, voluntariness)->4766220; williams->Tashiri Wayne Williams 435 F.3d 1148 (9th Cir 2006, Miranda 2-step Seibert)->793121; lewis->Edward Leonidas Lewis (6th Cir 2023, consent scope, docket 22-5593)->9424185 (cite empty, enrich-later). All canonical_name_match=true; court_level other->coa+circuit (AW Historical->Binding-in-circuit); 4 reset-orphans removed+journaled; bijection 662=662. RESOLVES recovery-report escalations: young/williams were NOT ambiguous (recovery report assessed young vs 4th-Am but home=confessions/voluntariness); lewis Edward-vs-Raymond confirmed=Edward is correct. 0x429.
%d · [R8-CONSOLIDATED-REPAIR gutierrez-v-saenz text check] 1 CL call (REST GET opinions/11243411/, cached to ingest HTTP cache -> future 0-CL) · ok · Gutierrez v. Saenz cluster 10776824 (606 U.S. 305, 2025-06-26) has ONE sub_opinion=11243411. W1 MCP read_document/search_document reported "no text" because MCP reads html_with_citations for opinions (len=0 here). BUT plain_text field IS populated (117531 chars, type=010combined, page_count=54, extracted_by_ocr=False) = official U.S. Reports PRELIMINARY PRINT Vol 606 Part 1 pp.305-356. HELD (syllabus verbatim): "Gutierrez has standing to bring his section-1983 claim challenging Texas postconviction DNA testing procedures under the Due Process Clause. Pp.314-321." Sotomayor J. (Roberts/Kagan/Kavanaugh... join); disposition "93 F.4th 267, reversed and remanded." Star-pagination via "Cite as: 606 U. S. NNN" markers (25) -> pincites map to real U.S. Reports pages. W9 METHOD: source holding from opinion 11243411 plain_text (via REST or now-cached copy), NOT html_with_citations. 0x429.
%d · [R8 PRE-W5 identity-audit + re-key] 57 CL calls via ingest.py REST (apply-web-keys 0 + 22x readjudicate+smoke ~2/row) + ~28 MCP cluster/search reads (verification) · 0x429 · ok · Wholesale identity audit of all 77 W5-W8 pending rows + 9 W3/W4-skip standing-queue rows. Found 20 wrong-case mis-keys (incl. 5 that COA-STATE's CIRCULAR cite-corroborated 'circuit corrections' had MASKED: loera/porter/trent/ruckman/davis — expected_cite was derived from the mis-keyed cluster so it self-corroborated) + 2 cite-empty-duplicate-cluster swaps (loines/moore-bush). Re-keyed all 22 to wiki-/opinion/<cluster>/-verified targets via --apply-web-keys+scoped-readjudicate; trent manually reconstructed (docket 25-5770 collision) + robinson slug-renamed. All 22 land verified_identity canonical_name_match=true. Bijection 662=662 preserved, status_counts unchanged (v_id 141), self-test green. W7/W8 all 41 CLEAN. holcomb ESCALATED (wiki cites withdrawn opinion 10365516=132 F.4th 1118). W5/W6 readiness: 35/36 mintable.
